condition,filename,identity,image_type,landmark_detection_success,alignment_applied,fallback_used,latency_ms
Baseline,F2-005-01-sz1.jpg,F2-005,query_sketch,False,False,False,684.72
Baseline,F2-006-01-sz1.jpg,F2-006,query_sketch,False,False,False,607.64
Baseline,F2-007-01-sz1.jpg,F2-007,query_sketch,False,False,False,390.41
Baseline,F2-008-01-sz1.jpg,F2-008,query_sketch,False,False,False,661.69
Baseline,F2-009-01-sz1.jpg,F2-009,query_sketch,False,False,False,943.56
Baseline,F2-010-01-sz1.jpg,F20,query_sketch,False,False,False,388.9
Baseline,F2-011-01-sz1.jpg,F21,query_sketch,False,False,False,367.11
Baseline,F2-012-01-sz1.jpg,F22,query_sketch,False,False,False,843.06
Baseline,F2-013-01-sz1.jpg,F23,query_sketch,False,False,False,672.77
Baseline,F2-014-01-sz1.jpg,F24,query_sketch,False,False,False,421.21
Baseline,F2-015-01-sz1.jpg,F25,query_sketch,False,False,False,718.62
Baseline,F2-016-01-sz1.jpg,F26,query_sketch,False,False,False,761.13
Baseline,F2-017-01-sz1.jpg,F27,query_sketch,False,False,False,478.44
Baseline,F2-018-01-sz1.jpg,F28,query_sketch,False,False,False,635.08
Baseline,F2-019-01-sz1.jpg,F29,query_sketch,False,False,False,534.44
Baseline,F2-020-01-sz1.jpg,F2-020,query_sketch,False,False,False,413.02
Baseline,F2-021-01-sz1.jpg,F2-021,query_sketch,False,False,False,596.88
Baseline,F2-022-01-sz1.jpg,F2-022,query_sketch,False,False,False,666.9
Baseline,F2-023-01-sz1.jpg,F2-023,query_sketch,False,False,False,407.08
Baseline,F2-024-01-sz1.jpg,F2-024,query_sketch,False,False,False,383.19
Baseline,F2-025-01-sz1.jpg,F2-025,query_sketch,False,False,False,490.14
Baseline,F2-026-01-sz1.jpg,F2-026,query_sketch,False,False,False,578.18
Baseline,F2-027-01-sz1.jpg,F2-027,query_sketch,False,False,False,357.8
Baseline,F2-028-01-sz1.jpg,F2-028,query_sketch,False,False,False,590.25
Baseline,F2-029-01-sz1.jpg,F2-029,query_sketch,False,False,False,505.07
Baseline,F2-030-01-sz1.jpg,F2-030,query_sketch,False,False,False,593.07
Baseline,F2-031-01-sz1.jpg,F2-031,query_sketch,False,False,False,534.62
Baseline,F2-032-01-sz1.jpg,F2-032,query_sketch,False,False,False,488.28
Baseline,F2-033-01-sz1.jpg,F2-033,query_sketch,False,False,False,602.76
Baseline,F2-034-01-sz1.jpg,F2-034,query_sketch,False,False,False,418.55
Baseline,F2-035-01-sz1.jpg,F2-035,query_sketch,False,False,False,537.41
Baseline,F2-036-01-sz1.jpg,F2-036,query_sketch,False,False,False,657.33
Baseline,F2-037-01-sz1.jpg,F2-037,query_sketch,False,False,False,465.75
Baseline,F2-038-01-sz1.jpg,F2-038,query_sketch,False,False,False,576.08
Baseline,M2-008-01-sz1.jpg,M2-008,query_sketch,False,False,False,411.87
Baseline,M2-009-01-sz1.jpg,M2-009,query_sketch,False,False,False,364.98
Baseline,M2-010-01-sz1.jpg,M20,query_sketch,False,False,False,350.33
Baseline,M2-011-01-sz1.jpg,M21,query_sketch,False,False,False,555.12
Baseline,M2-012-01-sz1.jpg,M22,query_sketch,False,False,False,768.52
Baseline,M2-013-01-sz1.jpg,M23,query_sketch,False,False,False,414.82
Baseline,M2-014-01-sz1.jpg,M24,query_sketch,False,False,False,340.46
Baseline,M2-015-01-sz1.jpg,M25,query_sketch,False,False,False,403.95
Baseline,M2-016-01-sz1.jpg,M26,query_sketch,False,False,False,485.09
Baseline,M2-017-01-sz1.jpg,M27,query_sketch,False,False,False,505.47
Baseline,M2-018-01-sz1.jpg,M28,query_sketch,False,False,False,294.59
Baseline,M2-019-01-sz1.jpg,M29,query_sketch,False,False,False,294.5
Baseline,M2-021-01-sz1.jpg,M2-021,query_sketch,False,False,False,726.32
Baseline,M2-022-01-sz1.jpg,M2-022,query_sketch,False,False,False,602.35
Baseline,M2-023-01-sz1.jpg,M2-023,query_sketch,False,False,False,375.81
Baseline,M2-024-01-sz1.jpg,M2-024,query_sketch,False,False,False,589.84
Baseline,M2-025-01-sz1.jpg,M2-025,query_sketch,False,False,False,689.42
Baseline,M2-026-01-sz1.jpg,M2-026,query_sketch,False,False,False,321.41
Baseline,M2-027-01-sz1.jpg,M2-027,query_sketch,False,False,False,488.67
Baseline,M2-028-01-sz1.jpg,M2-028,query_sketch,False,False,False,823.94
Baseline,M2-029-01-sz1.jpg,M2-029,query_sketch,False,False,False,461.77
Baseline,M2-030-01-sz1.jpg,M2-030,query_sketch,False,False,False,559.49
Baseline,M2-031-01-sz1.jpg,M2-031,query_sketch,False,False,False,528.33
Baseline,M2-032-01-sz1.jpg,M2-032,query_sketch,False,False,False,673.17
Baseline,M2-033-01-sz1.jpg,M2-033,query_sketch,False,False,False,757.21
Baseline,M2-034-01-sz1.jpg,M2-034,query_sketch,False,False,False,381.82
Baseline,M2-035-01-sz1.jpg,M2-035,query_sketch,False,False,False,669.31
Baseline,M2-036-01-sz1.jpg,M2-036,query_sketch,False,False,False,756.87
Baseline,M2-037-01-sz1.jpg,M2-037,query_sketch,False,False,False,473.41
Baseline,M2-038-01-sz1.jpg,M2-038,query_sketch,False,False,False,453.74
Baseline,M2-039-01-sz1.jpg,M2-039,query_sketch,False,False,False,466.21
Baseline,M2-040-01-sz1.jpg,M2-040,query_sketch,False,False,False,687.25
Baseline,M2-041-01-sz1.jpg,M2-041,query_sketch,False,False,False,417.71
Baseline,M2-042-01-sz1.jpg,M2-042,query_sketch,False,False,False,413.8
Baseline,M2-043-01-sz1.jpg,M2-043,query_sketch,False,False,False,390.65
Baseline,M2-044-01-sz1.jpg,M2-044,query_sketch,False,False,False,522.02
Baseline,M2-045-01-sz1.jpg,M2-045,query_sketch,False,False,False,516.75
Baseline,M2-046-01-sz1.jpg,M2-046,query_sketch,False,False,False,566.55
Baseline,M2-047-01-sz1.jpg,M2-047,query_sketch,False,False,False,371.92
Baseline,M2-048-01-sz1.jpg,M2-048,query_sketch,False,False,False,349.42
Baseline,M2-049-01-sz1.jpg,M2-049,query_sketch,False,False,False,1128.57
Baseline,M2-050-01-sz1.jpg,M2-050,query_sketch,False,False,False,288.75
Baseline,M2-051-01-sz1.jpg,M2-051,query_sketch,False,False,False,589.49
Baseline,M2-052-01-sz1.jpg,M2-052,query_sketch,False,False,False,734.8
Baseline,M2-053-01-sz1.jpg,M2-053,query_sketch,False,False,False,541.03
Baseline,M2-054-01-sz1.jpg,M2-054,query_sketch,False,False,False,657.54
Baseline,M2-055-01-sz1.jpg,M2-055,query_sketch,False,False,False,454.6
Baseline,M2-056-01-sz1.jpg,M2-056,query_sketch,False,False,False,513.14
Baseline,M2-057-01-sz1.jpg,M2-057,query_sketch,False,False,False,691.53
Baseline,M2-058-01-sz1.jpg,M2-058,query_sketch,False,False,False,661.66
Baseline,M2-059-01-sz1.jpg,M2-059,query_sketch,False,False,False,757.34
Baseline,M2-060-01-sz1.jpg,M2-060,query_sketch,False,False,False,386.1
Baseline,M2-061-01-sz1.jpg,M2-061,query_sketch,False,False,False,487.93
Baseline,M2-062-01-sz1.jpg,M2-062,query_sketch,False,False,False,492.2
Baseline,a-sharukh-1.jpg,a-sharukh-1,query_sketch,False,False,False,728.72
Baseline,a-sharukh-2.jpg,a-sharukh-2,query_sketch,False,False,False,616.95
Baseline,f-039-01-sz1.jpg,f-039,query_sketch,False,False,False,637.0
Baseline,f-040-01-sz1.jpg,f-040,query_sketch,False,False,False,800.75
Baseline,f-041-01-sz1.jpg,f-041,query_sketch,False,False,False,717.62
Baseline,f-042-01-sz1.jpg,f-042,query_sketch,False,False,False,526.18
Baseline,f-043-01-sz1.jpg,f-043,query_sketch,False,False,False,618.55
Baseline,f1-001-01-sz1.jpg,f1-001,query_sketch,False,False,False,744.41
Baseline,f1-002-01-sz1.jpg,f1-002,query_sketch,False,False,False,1047.45
Baseline,f1-003-01-sz1.jpg,f1-003,query_sketch,False,False,False,1084.02
Baseline,f1-004-01-sz1.jpg,f1-004,query_sketch,False,False,False,758.74
Baseline,f1-005-01-sz1.jpg,f1-005,query_sketch,False,False,False,415.61
Baseline,f1-006-01-sz1.jpg,f1-006,query_sketch,False,False,False,903.45
Baseline,f1-007-01-sz1.jpg,f1-007,query_sketch,False,False,False,351.27
Baseline,f1-008-01-sz1.jpg,f1-008,query_sketch,False,False,False,394.18
Baseline,f1-009-01-sz1.jpg,f1-009,query_sketch,False,False,False,388.7
Baseline,f1-010-01-sz1.jpg,f10,query_sketch,False,False,False,462.23
Baseline,f1-011-01-sz1.jpg,f11,query_sketch,False,False,False,413.04
Baseline,f1-012-01-sz1.jpg,f12,query_sketch,False,False,False,600.76
Baseline,f1-013-01-sz1.jpg,f13,query_sketch,False,False,False,425.17
Baseline,f1-014-01-sz1.jpg,f14,query_sketch,False,False,False,400.79
Baseline,f1-015-01-sz1.jpg,f15,query_sketch,False,False,False,437.39
Baseline,m-063-01-sz1.jpg,m-063,query_sketch,False,False,False,430.37
Baseline,m-064-01-sz1.jpg,m-064,query_sketch,False,False,False,412.25
Baseline,m-065-01-sz1.jpg,m-065,query_sketch,False,False,False,376.7
Baseline,m-066-01-sz1.jpg,m-066,query_sketch,False,False,False,379.82
Baseline,m-067-01-sz1.jpg,m-067,query_sketch,False,False,False,375.13
Baseline,m-068-01-sz1.jpg,m-068,query_sketch,False,False,False,409.64
Baseline,m-069-01-sz1.jpg,m-069,query_sketch,False,False,False,378.63
Baseline,m-070-01-sz1.jpg,m-070,query_sketch,False,False,False,432.82
Baseline,m-071-01-sz1.jpg,m-071,query_sketch,False,False,False,628.39
Baseline,m-072-01-sz1.jpg,m-072,query_sketch,False,False,False,317.06
Baseline,m-073-01-sz1.jpg,m-073,query_sketch,False,False,False,263.2
Baseline,m-074-01-sz1.jpg,m-074,query_sketch,False,False,False,393.49
Baseline,m-075-01-sz1.jpg,m-075,query_sketch,False,False,False,442.52
Baseline,m-076-01-sz1.jpg,m-076,query_sketch,False,False,False,378.68
Baseline,m-077-01-sz1.jpg,m-077,query_sketch,False,False,False,389.42
Baseline,m-078-01-sz1.jpg,m-078,query_sketch,False,False,False,352.89
Baseline,m-079-01-sz1.jpg,m-079,query_sketch,False,False,False,337.83
Baseline,m-080-01-sz1.jpg,m-080,query_sketch,False,False,False,343.76
Baseline,m-081-01-sz1.jpg,m-081,query_sketch,False,False,False,349.93
Baseline,m-082-01-sz1.jpg,m-082,query_sketch,False,False,False,413.49
Baseline,m-083-01-sz1.jpg,m-083,query_sketch,False,False,False,718.3
Baseline,m-084-01-sz1.jpg,m-084,query_sketch,False,False,False,306.14
Baseline,m-085-01-sz1.jpg,m-085,query_sketch,False,False,False,340.87
Baseline,m-086-01-sz1.jpg,m-086,query_sketch,False,False,False,444.27
Baseline,m-087-01-sz1.jpg,m-087,query_sketch,False,False,False,427.39
Baseline,m-088-01-sz1.jpg,m-088,query_sketch,False,False,False,411.9
Baseline,m-089-01-sz1.jpg,m-089,query_sketch,False,False,False,427.37
Baseline,m-090-01-sz1.jpg,m-090,query_sketch,False,False,False,552.36
Baseline,m-091-01-sz1.jpg,m-091,query_sketch,False,False,False,270.99
Baseline,m-092-01-sz1.jpg,m-092,query_sketch,False,False,False,233.15
Baseline,m-093-01-sz1.jpg,m-093,query_sketch,False,False,False,718.5
Baseline,m-094-01-sz1.jpg,m-094,query_sketch,False,False,False,387.69
Baseline,m-095-01-sz1.jpg,m-095,query_sketch,False,False,False,422.14
Baseline,m-096-01-sz1.jpg,m-096,query_sketch,False,False,False,350.56
Baseline,m-097-01-sz1.jpg,m-097,query_sketch,False,False,False,384.41
Baseline,m-098-01-sz1.jpg,m-098,query_sketch,False,False,False,377.33
Baseline,m-099-01-sz1.jpg,m-099,query_sketch,False,False,False,396.55
Baseline,m-100-01-sz1.jpg,m-100,query_sketch,False,False,False,413.51
Baseline,m-101-01-sz1.jpg,m-101,query_sketch,False,False,False,592.58
Baseline,m1-001-01-sz1.jpg,m1-001,query_sketch,False,False,False,406.89
Baseline,m1-002-01-sz1.jpg,m1-002,query_sketch,False,False,False,347.12
Baseline,m1-003-01-sz1.jpg,m1-003,query_sketch,False,False,False,352.7
Baseline,m1-004-01-sz1.jpg,m1-004,query_sketch,False,False,False,326.61
Baseline,m1-005-01-sz1.jpg,m1-005,query_sketch,False,False,False,320.83
Baseline,m1-006-01-sz1.jpg,m1-006,query_sketch,False,False,False,474.33
Baseline,m1-007-01-sz1.jpg,m1-007,query_sketch,False,False,False,498.19
Baseline,m1-008-01-sz1.jpg,m1-008,query_sketch,False,False,False,410.83
Baseline,m1-009-01-sz1.jpg,m1-009,query_sketch,False,False,False,340.36
Baseline,m1-010-01-sz1.jpg,m10,query_sketch,False,False,False,424.09
Baseline,m1-011-01-sz1.jpg,m11,query_sketch,False,False,False,386.87
Baseline,m1-012-01-sz1.jpg,m12,query_sketch,False,False,False,407.85
Baseline,m1-013-01-sz1.jpg,m13,query_sketch,False,False,False,432.17
Baseline,m1-014-01-sz1.jpg,m14,query_sketch,False,False,False,396.47
Baseline,m1-015-01-sz1.jpg,m15,query_sketch,False,False,False,420.21
Baseline,m1-016-01-sz1.jpg,m16,query_sketch,False,False,False,331.5
Baseline,m1-017-01-sz1.jpg,m17,query_sketch,False,False,False,274.11
Baseline,m1-018-01-sz1.jpg,m18,query_sketch,False,False,False,339.79
Baseline,m1-019-01-sz1.jpg,m19,query_sketch,False,False,False,630.29
Baseline,m1-020-01-sz1.jpg,m1-020,query_sketch,False,False,False,401.9
Baseline,m1-021-01-sz1.jpg,m1-021,query_sketch,False,False,False,357.51
Baseline,m1-022-01-sz1.jpg,m1-022,query_sketch,False,False,False,378.45
Baseline,m1-023-01-sz1.jpg,m1-023,query_sketch,False,False,False,314.62
Baseline,m1-024-01-sz1.jpg,m1-024,query_sketch,False,False,False,371.43
Baseline,m1-025-01-sz1.jpg,m1-025,query_sketch,False,False,False,377.84
Baseline,m1-026-01-sz1.jpg,m1-026,query_sketch,False,False,False,473.22
Baseline,m1-027-01-sz1.jpg,m1-027,query_sketch,False,False,False,416.25
Baseline,m1-028-01-sz1.jpg,m1-028,query_sketch,False,False,False,417.02
Baseline,m1-029-01-sz1.jpg,m1-029,query_sketch,False,False,False,413.03
Baseline,m1-030-01-sz1.jpg,m1-030,query_sketch,False,False,False,451.5
Baseline,m1-031-01-sz1.jpg,m1-031,query_sketch,False,False,False,398.07
Baseline,m1-032-01-sz1.jpg,m1-032,query_sketch,False,False,False,360.32
Baseline,m1-033-01-sz1.jpg,m1-033,query_sketch,False,False,False,299.31
Baseline,m1-034-01-sz1.jpg,m1-034,query_sketch,False,False,False,427.31
Baseline,m1-035-01-sz1.jpg,m1-035,query_sketch,False,False,False,483.78
Baseline,m1-036-01-sz1.jpg,m1-036,query_sketch,False,False,False,403.59
Baseline,m1-037-01-sz1.jpg,m1-037,query_sketch,False,False,False,576.82
Baseline,m1-038-01-sz1.jpg,m1-038,query_sketch,False,False,False,457.23
Baseline,m1-039-01-sz1.jpg,m1-039,query_sketch,False,False,False,399.28
Baseline,m1-040-01-sz1.jpg,m1-040,query_sketch,False,False,False,426.87
Baseline,m1-041-01-sz1.jpg,m1-041,query_sketch,False,False,False,326.02
EXP-01A,F2-005-01-sz1.jpg,F2-005,query_sketch,False,False,False,399.62
EXP-01A,F2-006-01-sz1.jpg,F2-006,query_sketch,False,False,False,385.86
EXP-01A,F2-007-01-sz1.jpg,F2-007,query_sketch,False,False,False,400.94
EXP-01A,F2-008-01-sz1.jpg,F2-008,query_sketch,False,False,False,407.18
EXP-01A,F2-009-01-sz1.jpg,F2-009,query_sketch,False,False,False,346.75
EXP-01A,F2-010-01-sz1.jpg,F20,query_sketch,False,False,False,339.31
EXP-01A,F2-011-01-sz1.jpg,F21,query_sketch,False,False,False,1273.5
EXP-01A,F2-012-01-sz1.jpg,F22,query_sketch,False,False,False,554.07
EXP-01A,F2-013-01-sz1.jpg,F23,query_sketch,False,False,False,1013.37
EXP-01A,F2-014-01-sz1.jpg,F24,query_sketch,False,False,False,473.04
EXP-01A,F2-015-01-sz1.jpg,F25,query_sketch,False,False,False,634.73
EXP-01A,F2-016-01-sz1.jpg,F26,query_sketch,False,False,False,670.53
EXP-01A,F2-017-01-sz1.jpg,F27,query_sketch,False,False,False,376.83
EXP-01A,F2-018-01-sz1.jpg,F28,query_sketch,False,False,False,699.62
EXP-01A,F2-019-01-sz1.jpg,F29,query_sketch,False,False,False,583.31
EXP-01A,F2-020-01-sz1.jpg,F2-020,query_sketch,False,False,False,364.62
EXP-01A,F2-021-01-sz1.jpg,F2-021,query_sketch,False,False,False,800.99
EXP-01A,F2-022-01-sz1.jpg,F2-022,query_sketch,False,False,False,642.8
EXP-01A,F2-023-01-sz1.jpg,F2-023,query_sketch,False,False,False,378.8
EXP-01A,F2-024-01-sz1.jpg,F2-024,query_sketch,False,False,False,399.87
EXP-01A,F2-025-01-sz1.jpg,F2-025,query_sketch,False,False,False,543.33
EXP-01A,F2-026-01-sz1.jpg,F2-026,query_sketch,False,False,False,613.07
EXP-01A,F2-027-01-sz1.jpg,F2-027,query_sketch,False,False,False,358.03
EXP-01A,F2-028-01-sz1.jpg,F2-028,query_sketch,False,False,False,336.64
EXP-01A,F2-029-01-sz1.jpg,F2-029,query_sketch,False,False,False,337.74
EXP-01A,F2-030-01-sz1.jpg,F2-030,query_sketch,False,False,False,550.46
EXP-01A,F2-031-01-sz1.jpg,F2-031,query_sketch,False,False,False,496.21
EXP-01A,F2-032-01-sz1.jpg,F2-032,query_sketch,False,False,False,436.04
EXP-01A,F2-033-01-sz1.jpg,F2-033,query_sketch,False,False,False,423.18
EXP-01A,F2-034-01-sz1.jpg,F2-034,query_sketch,False,False,False,466.45
EXP-01A,F2-035-01-sz1.jpg,F2-035,query_sketch,False,False,False,474.81
EXP-01A,F2-036-01-sz1.jpg,F2-036,query_sketch,False,False,False,410.45
EXP-01A,F2-037-01-sz1.jpg,F2-037,query_sketch,False,False,False,423.69
EXP-01A,F2-038-01-sz1.jpg,F2-038,query_sketch,False,False,False,423.17
EXP-01A,M2-008-01-sz1.jpg,M2-008,query_sketch,False,False,False,426.36
EXP-01A,M2-009-01-sz1.jpg,M2-009,query_sketch,False,False,False,373.67
EXP-01A,M2-010-01-sz1.jpg,M20,query_sketch,False,False,False,391.96
EXP-01A,M2-011-01-sz1.jpg,M21,query_sketch,False,False,False,383.04
EXP-01A,M2-012-01-sz1.jpg,M22,query_sketch,False,False,False,698.87
EXP-01A,M2-013-01-sz1.jpg,M23,query_sketch,False,False,False,480.02
EXP-01A,M2-014-01-sz1.jpg,M24,query_sketch,False,False,False,336.91
EXP-01A,M2-015-01-sz1.jpg,M25,query_sketch,False,False,False,342.34
EXP-01A,M2-016-01-sz1.jpg,M26,query_sketch,False,False,False,332.78
EXP-01A,M2-017-01-sz1.jpg,M27,query_sketch,False,False,False,365.42
EXP-01A,M2-018-01-sz1.jpg,M28,query_sketch,False,False,False,405.15
EXP-01A,M2-019-01-sz1.jpg,M29,query_sketch,False,False,False,390.66
EXP-01A,M2-021-01-sz1.jpg,M2-021,query_sketch,False,False,False,376.89
EXP-01A,M2-022-01-sz1.jpg,M2-022,query_sketch,False,False,False,430.42
EXP-01A,M2-023-01-sz1.jpg,M2-023,query_sketch,False,False,False,418.43
EXP-01A,M2-024-01-sz1.jpg,M2-024,query_sketch,False,False,False,438.42
EXP-01A,M2-025-01-sz1.jpg,M2-025,query_sketch,False,False,False,574.35
EXP-01A,M2-026-01-sz1.jpg,M2-026,query_sketch,False,False,False,553.36
EXP-01A,M2-027-01-sz1.jpg,M2-027,query_sketch,False,False,False,283.18
EXP-01A,M2-028-01-sz1.jpg,M2-028,query_sketch,False,False,False,242.35
EXP-01A,M2-029-01-sz1.jpg,M2-029,query_sketch,False,False,False,440.63
EXP-01A,M2-030-01-sz1.jpg,M2-030,query_sketch,False,False,False,473.14
EXP-01A,M2-031-01-sz1.jpg,M2-031,query_sketch,False,False,False,345.04
EXP-01A,M2-032-01-sz1.jpg,M2-032,query_sketch,False,False,False,407.02
EXP-01A,M2-033-01-sz1.jpg,M2-033,query_sketch,False,False,False,346.07
EXP-01A,M2-034-01-sz1.jpg,M2-034,query_sketch,False,False,False,373.2
EXP-01A,M2-035-01-sz1.jpg,M2-035,query_sketch,False,False,False,482.19
EXP-01A,M2-036-01-sz1.jpg,M2-036,query_sketch,False,False,False,560.42
EXP-01A,M2-037-01-sz1.jpg,M2-037,query_sketch,False,False,False,347.54
EXP-01A,M2-038-01-sz1.jpg,M2-038,query_sketch,False,False,False,391.02
EXP-01A,M2-039-01-sz1.jpg,M2-039,query_sketch,False,False,False,341.33
EXP-01A,M2-040-01-sz1.jpg,M2-040,query_sketch,False,False,False,302.95
EXP-01A,M2-041-01-sz1.jpg,M2-041,query_sketch,False,False,False,376.33
EXP-01A,M2-042-01-sz1.jpg,M2-042,query_sketch,False,False,False,612.71
EXP-01A,M2-043-01-sz1.jpg,M2-043,query_sketch,False,False,False,578.67
EXP-01A,M2-044-01-sz1.jpg,M2-044,query_sketch,False,False,False,431.41
EXP-01A,M2-045-01-sz1.jpg,M2-045,query_sketch,False,False,False,412.58
EXP-01A,M2-046-01-sz1.jpg,M2-046,query_sketch,False,False,False,394.13
EXP-01A,M2-047-01-sz1.jpg,M2-047,query_sketch,False,False,False,436.36
EXP-01A,M2-048-01-sz1.jpg,M2-048,query_sketch,False,False,False,629.99
EXP-01A,M2-049-01-sz1.jpg,M2-049,query_sketch,False,False,False,412.9
EXP-01A,M2-050-01-sz1.jpg,M2-050,query_sketch,False,False,False,373.12
EXP-01A,M2-051-01-sz1.jpg,M2-051,query_sketch,False,False,False,391.61
EXP-01A,M2-052-01-sz1.jpg,M2-052,query_sketch,False,False,False,663.18
EXP-01A,M2-053-01-sz1.jpg,M2-053,query_sketch,False,False,False,392.67
EXP-01A,M2-054-01-sz1.jpg,M2-054,query_sketch,False,False,False,322.34
EXP-01A,M2-055-01-sz1.jpg,M2-055,query_sketch,False,False,False,324.92
EXP-01A,M2-056-01-sz1.jpg,M2-056,query_sketch,False,False,False,373.93
EXP-01A,M2-057-01-sz1.jpg,M2-057,query_sketch,False,False,False,436.61
EXP-01A,M2-058-01-sz1.jpg,M2-058,query_sketch,False,False,False,369.39
EXP-01A,M2-059-01-sz1.jpg,M2-059,query_sketch,False,False,False,423.6
EXP-01A,M2-060-01-sz1.jpg,M2-060,query_sketch,False,False,False,713.55
EXP-01A,M2-061-01-sz1.jpg,M2-061,query_sketch,False,False,False,369.31
EXP-01A,M2-062-01-sz1.jpg,M2-062,query_sketch,False,False,False,351.71
EXP-01A,a-sharukh-1.jpg,a-sharukh-1,query_sketch,False,False,False,364.73
EXP-01A,a-sharukh-2.jpg,a-sharukh-2,query_sketch,False,False,False,392.76
EXP-01A,f-039-01-sz1.jpg,f-039,query_sketch,False,False,False,321.21
EXP-01A,f-040-01-sz1.jpg,f-040,query_sketch,False,False,False,316.15
EXP-01A,f-041-01-sz1.jpg,f-041,query_sketch,False,False,False,399.77
EXP-01A,f-042-01-sz1.jpg,f-042,query_sketch,False,False,False,467.39
EXP-01A,f-043-01-sz1.jpg,f-043,query_sketch,False,False,False,500.68
EXP-01A,f1-001-01-sz1.jpg,f1-001,query_sketch,False,False,False,448.21
EXP-01A,f1-002-01-sz1.jpg,f1-002,query_sketch,False,False,False,567.84
EXP-01A,f1-003-01-sz1.jpg,f1-003,query_sketch,False,False,False,351.98
EXP-01A,f1-004-01-sz1.jpg,f1-004,query_sketch,False,False,False,363.87
EXP-01A,f1-005-01-sz1.jpg,f1-005,query_sketch,False,False,False,607.86
EXP-01A,f1-006-01-sz1.jpg,f1-006,query_sketch,False,False,False,529.5
EXP-01A,f1-007-01-sz1.jpg,f1-007,query_sketch,False,False,False,503.6
EXP-01A,f1-008-01-sz1.jpg,f1-008,query_sketch,False,False,False,438.92
EXP-01A,f1-009-01-sz1.jpg,f1-009,query_sketch,False,False,False,501.51
EXP-01A,f1-010-01-sz1.jpg,f10,query_sketch,False,False,False,440.6
EXP-01A,f1-011-01-sz1.jpg,f11,query_sketch,False,False,False,364.89
EXP-01A,f1-012-01-sz1.jpg,f12,query_sketch,False,False,False,340.57
EXP-01A,f1-013-01-sz1.jpg,f13,query_sketch,False,False,False,659.76
EXP-01A,f1-014-01-sz1.jpg,f14,query_sketch,False,False,False,665.01
EXP-01A,f1-015-01-sz1.jpg,f15,query_sketch,False,False,False,379.18
EXP-01A,m-063-01-sz1.jpg,m-063,query_sketch,False,False,False,379.28
EXP-01A,m-064-01-sz1.jpg,m-064,query_sketch,False,False,False,451.01
EXP-01A,m-065-01-sz1.jpg,m-065,query_sketch,False,False,False,489.28
EXP-01A,m-066-01-sz1.jpg,m-066,query_sketch,False,False,False,460.57
EXP-01A,m-067-01-sz1.jpg,m-067,query_sketch,False,False,False,415.43
EXP-01A,m-068-01-sz1.jpg,m-068,query_sketch,False,False,False,368.56
EXP-01A,m-069-01-sz1.jpg,m-069,query_sketch,False,False,False,418.97
EXP-01A,m-070-01-sz1.jpg,m-070,query_sketch,False,False,False,376.24
EXP-01A,m-071-01-sz1.jpg,m-071,query_sketch,False,False,False,659.87
EXP-01A,m-072-01-sz1.jpg,m-072,query_sketch,False,False,False,520.16
EXP-01A,m-073-01-sz1.jpg,m-073,query_sketch,False,False,False,497.93
EXP-01A,m-074-01-sz1.jpg,m-074,query_sketch,False,False,False,433.3
EXP-01A,m-075-01-sz1.jpg,m-075,query_sketch,False,False,False,492.84
EXP-01A,m-076-01-sz1.jpg,m-076,query_sketch,False,False,False,448.65
EXP-01A,m-077-01-sz1.jpg,m-077,query_sketch,False,False,False,340.7
EXP-01A,m-078-01-sz1.jpg,m-078,query_sketch,False,False,False,243.04
EXP-01A,m-079-01-sz1.jpg,m-079,query_sketch,False,False,False,443.36
EXP-01A,m-080-01-sz1.jpg,m-080,query_sketch,False,False,False,486.28
EXP-01A,m-081-01-sz1.jpg,m-081,query_sketch,False,False,False,401.72
EXP-01A,m-082-01-sz1.jpg,m-082,query_sketch,False,False,False,479.0
EXP-01A,m-083-01-sz1.jpg,m-083,query_sketch,False,False,False,935.07
EXP-01A,m-084-01-sz1.jpg,m-084,query_sketch,False,False,False,305.99
EXP-01A,m-085-01-sz1.jpg,m-085,query_sketch,False,False,False,326.21
EXP-01A,m-086-01-sz1.jpg,m-086,query_sketch,False,False,False,510.72
EXP-01A,m-087-01-sz1.jpg,m-087,query_sketch,False,False,False,446.0
EXP-01A,m-088-01-sz1.jpg,m-088,query_sketch,False,False,False,399.35
EXP-01A,m-089-01-sz1.jpg,m-089,query_sketch,False,False,False,353.36
EXP-01A,m-090-01-sz1.jpg,m-090,query_sketch,False,False,False,355.54
EXP-01A,m-091-01-sz1.jpg,m-091,query_sketch,False,False,False,396.37
EXP-01A,m-092-01-sz1.jpg,m-092,query_sketch,False,False,False,416.49
EXP-01A,m-093-01-sz1.jpg,m-093,query_sketch,False,False,False,552.27
EXP-01A,m-094-01-sz1.jpg,m-094,query_sketch,False,False,False,483.74
EXP-01A,m-095-01-sz1.jpg,m-095,query_sketch,False,False,False,388.24
EXP-01A,m-096-01-sz1.jpg,m-096,query_sketch,False,False,False,364.36
EXP-01A,m-097-01-sz1.jpg,m-097,query_sketch,False,False,False,416.65
EXP-01A,m-098-01-sz1.jpg,m-098,query_sketch,False,False,False,363.61
EXP-01A,m-099-01-sz1.jpg,m-099,query_sketch,False,False,False,412.56
EXP-01A,m-100-01-sz1.jpg,m-100,query_sketch,False,False,False,418.18
EXP-01A,m-101-01-sz1.jpg,m-101,query_sketch,False,False,False,384.43
EXP-01A,m1-001-01-sz1.jpg,m1-001,query_sketch,False,False,False,418.49
EXP-01A,m1-002-01-sz1.jpg,m1-002,query_sketch,False,False,False,372.08
EXP-01A,m1-003-01-sz1.jpg,m1-003,query_sketch,False,False,False,341.32
EXP-01A,m1-004-01-sz1.jpg,m1-004,query_sketch,False,False,False,442.82
EXP-01A,m1-005-01-sz1.jpg,m1-005,query_sketch,False,False,False,530.03
EXP-01A,m1-006-01-sz1.jpg,m1-006,query_sketch,False,False,False,495.2
EXP-01A,m1-007-01-sz1.jpg,m1-007,query_sketch,False,False,False,442.4
EXP-01A,m1-008-01-sz1.jpg,m1-008,query_sketch,False,False,False,446.08
EXP-01A,m1-009-01-sz1.jpg,m1-009,query_sketch,False,False,False,482.61
EXP-01A,m1-010-01-sz1.jpg,m10,query_sketch,False,False,False,301.6
EXP-01A,m1-011-01-sz1.jpg,m11,query_sketch,False,False,False,333.58
EXP-01A,m1-012-01-sz1.jpg,m12,query_sketch,False,False,False,383.02
EXP-01A,m1-013-01-sz1.jpg,m13,query_sketch,False,False,False,607.68
EXP-01A,m1-014-01-sz1.jpg,m14,query_sketch,False,False,False,410.71
EXP-01A,m1-015-01-sz1.jpg,m15,query_sketch,False,False,False,496.89
EXP-01A,m1-016-01-sz1.jpg,m16,query_sketch,False,False,False,458.5
EXP-01A,m1-017-01-sz1.jpg,m17,query_sketch,False,False,False,422.45
EXP-01A,m1-018-01-sz1.jpg,m18,query_sketch,False,False,False,410.49
EXP-01A,m1-019-01-sz1.jpg,m19,query_sketch,False,False,False,363.92
EXP-01A,m1-020-01-sz1.jpg,m1-020,query_sketch,False,False,False,388.27
EXP-01A,m1-021-01-sz1.jpg,m1-021,query_sketch,False,False,False,451.71
EXP-01A,m1-022-01-sz1.jpg,m1-022,query_sketch,False,False,False,463.06
EXP-01A,m1-023-01-sz1.jpg,m1-023,query_sketch,False,False,False,419.95
EXP-01A,m1-024-01-sz1.jpg,m1-024,query_sketch,False,False,False,320.56
EXP-01A,m1-025-01-sz1.jpg,m1-025,query_sketch,False,False,False,329.01
EXP-01A,m1-026-01-sz1.jpg,m1-026,query_sketch,False,False,False,340.01
EXP-01A,m1-027-01-sz1.jpg,m1-027,query_sketch,False,False,False,567.53
EXP-01A,m1-028-01-sz1.jpg,m1-028,query_sketch,False,False,False,791.46
EXP-01A,m1-029-01-sz1.jpg,m1-029,query_sketch,False,False,False,400.82
EXP-01A,m1-030-01-sz1.jpg,m1-030,query_sketch,False,False,False,369.23
EXP-01A,m1-031-01-sz1.jpg,m1-031,query_sketch,False,False,False,317.12
EXP-01A,m1-032-01-sz1.jpg,m1-032,query_sketch,False,False,False,330.92
EXP-01A,m1-033-01-sz1.jpg,m1-033,query_sketch,False,False,False,477.92
EXP-01A,m1-034-01-sz1.jpg,m1-034,query_sketch,False,False,False,492.48
EXP-01A,m1-035-01-sz1.jpg,m1-035,query_sketch,False,False,False,440.92
EXP-01A,m1-036-01-sz1.jpg,m1-036,query_sketch,False,False,False,368.03
EXP-01A,m1-037-01-sz1.jpg,m1-037,query_sketch,False,False,False,399.23
EXP-01A,m1-038-01-sz1.jpg,m1-038,query_sketch,False,False,False,713.74
EXP-01A,m1-039-01-sz1.jpg,m1-039,query_sketch,False,False,False,710.67
EXP-01A,m1-040-01-sz1.jpg,m1-040,query_sketch,False,False,False,425.12
EXP-01A,m1-041-01-sz1.jpg,m1-041,query_sketch,False,False,False,378.93
EXP-01B,F2-005-01-sz1.jpg,F2-005,query_sketch,False,False,True,482.82
EXP-01B,F2-006-01-sz1.jpg,F2-006,query_sketch,False,False,True,410.98
EXP-01B,F2-007-01-sz1.jpg,F2-007,query_sketch,False,False,True,440.85
EXP-01B,F2-008-01-sz1.jpg,F2-008,query_sketch,False,False,True,461.49
EXP-01B,F2-009-01-sz1.jpg,F2-009,query_sketch,False,False,True,420.73
EXP-01B,F2-010-01-sz1.jpg,F20,query_sketch,False,False,True,709.66
EXP-01B,F2-011-01-sz1.jpg,F21,query_sketch,False,False,True,415.57
EXP-01B,F2-012-01-sz1.jpg,F22,query_sketch,False,False,True,275.8
EXP-01B,F2-013-01-sz1.jpg,F23,query_sketch,False,False,True,554.87
EXP-01B,F2-014-01-sz1.jpg,F24,query_sketch,False,False,True,434.7
EXP-01B,F2-015-01-sz1.jpg,F25,query_sketch,False,False,True,611.21
EXP-01B,F2-016-01-sz1.jpg,F26,query_sketch,False,False,True,269.26
EXP-01B,F2-017-01-sz1.jpg,F27,query_sketch,False,False,True,347.31
EXP-01B,F2-018-01-sz1.jpg,F28,query_sketch,False,False,True,869.38
EXP-01B,F2-019-01-sz1.jpg,F29,query_sketch,False,False,True,461.35
EXP-01B,F2-020-01-sz1.jpg,F2-020,query_sketch,False,False,True,356.79
EXP-01B,F2-021-01-sz1.jpg,F2-021,query_sketch,False,False,True,363.96
EXP-01B,F2-022-01-sz1.jpg,F2-022,query_sketch,False,False,True,414.02
EXP-01B,F2-023-01-sz1.jpg,F2-023,query_sketch,False,False,True,456.03
EXP-01B,F2-024-01-sz1.jpg,F2-024,query_sketch,False,False,True,396.71
EXP-01B,F2-025-01-sz1.jpg,F2-025,query_sketch,False,False,True,459.13
EXP-01B,F2-026-01-sz1.jpg,F2-026,query_sketch,False,False,True,399.75
EXP-01B,F2-027-01-sz1.jpg,F2-027,query_sketch,False,False,True,492.57
EXP-01B,F2-028-01-sz1.jpg,F2-028,query_sketch,False,False,True,737.24
EXP-01B,F2-029-01-sz1.jpg,F2-029,query_sketch,False,False,True,448.69
EXP-01B,F2-030-01-sz1.jpg,F2-030,query_sketch,False,False,True,345.05
EXP-01B,F2-031-01-sz1.jpg,F2-031,query_sketch,False,False,True,351.9
EXP-01B,F2-032-01-sz1.jpg,F2-032,query_sketch,False,False,True,435.1
EXP-01B,F2-033-01-sz1.jpg,F2-033,query_sketch,False,False,True,436.43
EXP-01B,F2-034-01-sz1.jpg,F2-034,query_sketch,False,False,True,464.9
EXP-01B,F2-035-01-sz1.jpg,F2-035,query_sketch,False,False,True,449.83
EXP-01B,F2-036-01-sz1.jpg,F2-036,query_sketch,False,False,True,595.87
EXP-01B,F2-037-01-sz1.jpg,F2-037,query_sketch,False,False,True,417.65
EXP-01B,F2-038-01-sz1.jpg,F2-038,query_sketch,False,False,True,394.33
EXP-01B,M2-008-01-sz1.jpg,M2-008,query_sketch,False,False,True,564.77
EXP-01B,M2-009-01-sz1.jpg,M2-009,query_sketch,False,False,True,471.28
EXP-01B,M2-010-01-sz1.jpg,M20,query_sketch,False,False,True,392.64
EXP-01B,M2-011-01-sz1.jpg,M21,query_sketch,False,False,True,402.46
EXP-01B,M2-012-01-sz1.jpg,M22,query_sketch,False,False,True,629.39
EXP-01B,M2-013-01-sz1.jpg,M23,query_sketch,False,False,True,399.84
EXP-01B,M2-014-01-sz1.jpg,M24,query_sketch,False,False,True,403.91
EXP-01B,M2-015-01-sz1.jpg,M25,query_sketch,False,False,True,418.28
EXP-01B,M2-016-01-sz1.jpg,M26,query_sketch,False,False,True,432.68
EXP-01B,M2-017-01-sz1.jpg,M27,query_sketch,False,False,True,406.79
EXP-01B,M2-018-01-sz1.jpg,M28,query_sketch,False,False,True,406.28
EXP-01B,M2-019-01-sz1.jpg,M29,query_sketch,False,False,True,423.99
EXP-01B,M2-021-01-sz1.jpg,M2-021,query_sketch,False,False,True,727.5
EXP-01B,M2-022-01-sz1.jpg,M2-022,query_sketch,False,False,True,431.78
EXP-01B,M2-023-01-sz1.jpg,M2-023,query_sketch,False,False,True,405.64
EXP-01B,M2-024-01-sz1.jpg,M2-024,query_sketch,False,False,True,417.88
EXP-01B,M2-025-01-sz1.jpg,M2-025,query_sketch,False,False,True,431.68
EXP-01B,M2-026-01-sz1.jpg,M2-026,query_sketch,False,False,True,326.11
EXP-01B,M2-027-01-sz1.jpg,M2-027,query_sketch,False,False,True,339.71
EXP-01B,M2-028-01-sz1.jpg,M2-028,query_sketch,False,False,True,448.26
EXP-01B,M2-029-01-sz1.jpg,M2-029,query_sketch,False,False,True,593.09
EXP-01B,M2-030-01-sz1.jpg,M2-030,query_sketch,False,False,True,333.03
EXP-01B,M2-031-01-sz1.jpg,M2-031,query_sketch,False,False,True,344.31
EXP-01B,M2-032-01-sz1.jpg,M2-032,query_sketch,False,False,True,601.81
EXP-01B,M2-033-01-sz1.jpg,M2-033,query_sketch,False,False,True,594.36
EXP-01B,M2-034-01-sz1.jpg,M2-034,query_sketch,False,False,True,434.19
EXP-01B,M2-035-01-sz1.jpg,M2-035,query_sketch,False,False,True,450.96
EXP-01B,M2-036-01-sz1.jpg,M2-036,query_sketch,False,False,True,453.92
EXP-01B,M2-037-01-sz1.jpg,M2-037,query_sketch,False,False,True,986.59
EXP-01B,M2-038-01-sz1.jpg,M2-038,query_sketch,False,False,True,426.62
EXP-01B,M2-039-01-sz1.jpg,M2-039,query_sketch,False,False,True,414.86
EXP-01B,M2-040-01-sz1.jpg,M2-040,query_sketch,False,False,True,423.34
EXP-01B,M2-041-01-sz1.jpg,M2-041,query_sketch,False,False,True,462.22
EXP-01B,M2-042-01-sz1.jpg,M2-042,query_sketch,False,False,True,563.34
EXP-01B,M2-043-01-sz1.jpg,M2-043,query_sketch,False,False,True,432.66
EXP-01B,M2-044-01-sz1.jpg,M2-044,query_sketch,False,False,True,458.44
EXP-01B,M2-045-01-sz1.jpg,M2-045,query_sketch,False,False,True,602.97
EXP-01B,M2-046-01-sz1.jpg,M2-046,query_sketch,False,False,True,505.12
EXP-01B,M2-047-01-sz1.jpg,M2-047,query_sketch,False,False,True,467.43
EXP-01B,M2-048-01-sz1.jpg,M2-048,query_sketch,False,False,True,307.61
EXP-01B,M2-049-01-sz1.jpg,M2-049,query_sketch,False,False,True,247.39
EXP-01B,M2-050-01-sz1.jpg,M2-050,query_sketch,False,False,True,481.14
EXP-01B,M2-051-01-sz1.jpg,M2-051,query_sketch,False,False,True,487.11
EXP-01B,M2-052-01-sz1.jpg,M2-052,query_sketch,False,False,True,265.34
EXP-01B,M2-053-01-sz1.jpg,M2-053,query_sketch,False,False,True,313.3
EXP-01B,M2-054-01-sz1.jpg,M2-054,query_sketch,False,False,True,543.24
EXP-01B,M2-055-01-sz1.jpg,M2-055,query_sketch,False,False,True,556.9
EXP-01B,M2-056-01-sz1.jpg,M2-056,query_sketch,False,False,True,261.45
EXP-01B,M2-057-01-sz1.jpg,M2-057,query_sketch,False,False,True,254.64
EXP-01B,M2-058-01-sz1.jpg,M2-058,query_sketch,False,False,True,440.1
EXP-01B,M2-059-01-sz1.jpg,M2-059,query_sketch,False,False,True,492.55
EXP-01B,M2-060-01-sz1.jpg,M2-060,query_sketch,False,False,True,272.93
EXP-01B,M2-061-01-sz1.jpg,M2-061,query_sketch,False,False,True,266.08
EXP-01B,M2-062-01-sz1.jpg,M2-062,query_sketch,False,False,True,403.13
EXP-01B,a-sharukh-1.jpg,a-sharukh-1,query_sketch,False,False,True,485.63
EXP-01B,a-sharukh-2.jpg,a-sharukh-2,query_sketch,False,False,True,616.16
EXP-01B,f-039-01-sz1.jpg,f-039,query_sketch,False,False,True,788.49
EXP-01B,f-040-01-sz1.jpg,f-040,query_sketch,False,False,True,338.4
EXP-01B,f-041-01-sz1.jpg,f-041,query_sketch,False,False,True,300.58
EXP-01B,f-042-01-sz1.jpg,f-042,query_sketch,False,False,True,438.6
EXP-01B,f-043-01-sz1.jpg,f-043,query_sketch,False,False,True,350.67
EXP-01B,f1-001-01-sz1.jpg,f1-001,query_sketch,False,False,True,414.98
EXP-01B,f1-002-01-sz1.jpg,f1-002,query_sketch,False,False,True,401.91
EXP-01B,f1-003-01-sz1.jpg,f1-003,query_sketch,False,False,True,405.28
EXP-01B,f1-004-01-sz1.jpg,f1-004,query_sketch,False,False,True,438.19
EXP-01B,f1-005-01-sz1.jpg,f1-005,query_sketch,False,False,True,449.1
EXP-01B,f1-006-01-sz1.jpg,f1-006,query_sketch,False,False,True,707.42
EXP-01B,f1-007-01-sz1.jpg,f1-007,query_sketch,False,False,True,636.9
EXP-01B,f1-008-01-sz1.jpg,f1-008,query_sketch,False,False,True,331.3
EXP-01B,f1-009-01-sz1.jpg,f1-009,query_sketch,False,False,True,407.47
EXP-01B,f1-010-01-sz1.jpg,f10,query_sketch,False,False,True,528.44
EXP-01B,f1-011-01-sz1.jpg,f11,query_sketch,False,False,True,434.67
EXP-01B,f1-012-01-sz1.jpg,f12,query_sketch,False,False,True,486.94
EXP-01B,f1-013-01-sz1.jpg,f13,query_sketch,False,False,True,563.95
EXP-01B,f1-014-01-sz1.jpg,f14,query_sketch,False,False,True,489.67
EXP-01B,f1-015-01-sz1.jpg,f15,query_sketch,False,False,True,363.49
EXP-01B,m-063-01-sz1.jpg,m-063,query_sketch,False,False,True,344.86
EXP-01B,m-064-01-sz1.jpg,m-064,query_sketch,False,False,True,368.41
EXP-01B,m-065-01-sz1.jpg,m-065,query_sketch,False,False,True,571.25
EXP-01B,m-066-01-sz1.jpg,m-066,query_sketch,False,False,True,583.42
EXP-01B,m-067-01-sz1.jpg,m-067,query_sketch,False,False,True,402.86
EXP-01B,m-068-01-sz1.jpg,m-068,query_sketch,False,False,True,331.46
EXP-01B,m-069-01-sz1.jpg,m-069,query_sketch,False,False,True,358.11
EXP-01B,m-070-01-sz1.jpg,m-070,query_sketch,False,False,True,385.04
EXP-01B,m-071-01-sz1.jpg,m-071,query_sketch,False,False,True,434.58
EXP-01B,m-072-01-sz1.jpg,m-072,query_sketch,False,False,True,452.01
EXP-01B,m-073-01-sz1.jpg,m-073,query_sketch,False,False,True,627.29
EXP-01B,m-074-01-sz1.jpg,m-074,query_sketch,False,False,True,352.34
EXP-01B,m-075-01-sz1.jpg,m-075,query_sketch,False,False,True,402.38
EXP-01B,m-076-01-sz1.jpg,m-076,query_sketch,False,False,True,512.99
EXP-01B,m-077-01-sz1.jpg,m-077,query_sketch,False,False,True,741.89
EXP-01B,m-078-01-sz1.jpg,m-078,query_sketch,False,False,True,330.83
EXP-01B,m-079-01-sz1.jpg,m-079,query_sketch,False,False,True,354.75
EXP-01B,m-080-01-sz1.jpg,m-080,query_sketch,False,False,True,357.76
EXP-01B,m-081-01-sz1.jpg,m-081,query_sketch,False,False,True,351.32
EXP-01B,m-082-01-sz1.jpg,m-082,query_sketch,False,False,True,412.58
EXP-01B,m-083-01-sz1.jpg,m-083,query_sketch,False,False,True,508.09
EXP-01B,m-084-01-sz1.jpg,m-084,query_sketch,False,False,True,390.32
EXP-01B,m-085-01-sz1.jpg,m-085,query_sketch,False,False,True,571.04
EXP-01B,m-086-01-sz1.jpg,m-086,query_sketch,False,False,True,360.26
EXP-01B,m-087-01-sz1.jpg,m-087,query_sketch,False,False,True,610.1
EXP-01B,m-088-01-sz1.jpg,m-088,query_sketch,False,False,True,419.87
EXP-01B,m-089-01-sz1.jpg,m-089,query_sketch,False,False,True,430.08
EXP-01B,m-090-01-sz1.jpg,m-090,query_sketch,False,False,True,405.92
EXP-01B,m-091-01-sz1.jpg,m-091,query_sketch,False,False,True,435.14
EXP-01B,m-092-01-sz1.jpg,m-092,query_sketch,False,False,True,463.37
EXP-01B,m-093-01-sz1.jpg,m-093,query_sketch,False,False,True,434.82
EXP-01B,m-094-01-sz1.jpg,m-094,query_sketch,False,False,True,617.83
EXP-01B,m-095-01-sz1.jpg,m-095,query_sketch,False,False,True,428.97
EXP-01B,m-096-01-sz1.jpg,m-096,query_sketch,False,False,True,432.88
EXP-01B,m-097-01-sz1.jpg,m-097,query_sketch,False,False,True,429.98
EXP-01B,m-098-01-sz1.jpg,m-098,query_sketch,False,False,True,397.85
EXP-01B,m-099-01-sz1.jpg,m-099,query_sketch,False,False,True,405.86
EXP-01B,m-100-01-sz1.jpg,m-100,query_sketch,False,False,True,479.29
EXP-01B,m-101-01-sz1.jpg,m-101,query_sketch,False,False,True,469.28
EXP-01B,m1-001-01-sz1.jpg,m1-001,query_sketch,False,False,True,328.86
EXP-01B,m1-002-01-sz1.jpg,m1-002,query_sketch,False,False,True,339.62
EXP-01B,m1-003-01-sz1.jpg,m1-003,query_sketch,False,False,True,518.87
EXP-01B,m1-004-01-sz1.jpg,m1-004,query_sketch,False,False,True,452.45
EXP-01B,m1-005-01-sz1.jpg,m1-005,query_sketch,False,False,True,367.51
EXP-01B,m1-006-01-sz1.jpg,m1-006,query_sketch,False,False,True,307.89
EXP-01B,m1-007-01-sz1.jpg,m1-007,query_sketch,False,False,True,340.46
EXP-01B,m1-008-01-sz1.jpg,m1-008,query_sketch,False,False,True,382.72
EXP-01B,m1-009-01-sz1.jpg,m1-009,query_sketch,False,False,True,576.49
EXP-01B,m1-010-01-sz1.jpg,m10,query_sketch,False,False,True,737.24
EXP-01B,m1-011-01-sz1.jpg,m11,query_sketch,False,False,True,386.15
EXP-01B,m1-012-01-sz1.jpg,m12,query_sketch,False,False,True,384.25
EXP-01B,m1-013-01-sz1.jpg,m13,query_sketch,False,False,True,419.53
EXP-01B,m1-014-01-sz1.jpg,m14,query_sketch,False,False,True,446.62
EXP-01B,m1-015-01-sz1.jpg,m15,query_sketch,False,False,True,415.7
EXP-01B,m1-016-01-sz1.jpg,m16,query_sketch,False,False,True,417.38
EXP-01B,m1-017-01-sz1.jpg,m17,query_sketch,False,False,True,361.52
EXP-01B,m1-018-01-sz1.jpg,m18,query_sketch,False,False,True,440.36
EXP-01B,m1-019-01-sz1.jpg,m19,query_sketch,False,False,True,469.89
EXP-01B,m1-020-01-sz1.jpg,m1-020,query_sketch,False,False,True,577.93
EXP-01B,m1-021-01-sz1.jpg,m1-021,query_sketch,False,False,True,495.65
EXP-01B,m1-022-01-sz1.jpg,m1-022,query_sketch,False,False,True,401.93
EXP-01B,m1-023-01-sz1.jpg,m1-023,query_sketch,False,False,True,427.71
EXP-01B,m1-024-01-sz1.jpg,m1-024,query_sketch,False,False,True,399.11
EXP-01B,m1-025-01-sz1.jpg,m1-025,query_sketch,False,False,True,431.96
EXP-01B,m1-026-01-sz1.jpg,m1-026,query_sketch,False,False,True,586.9
EXP-01B,m1-027-01-sz1.jpg,m1-027,query_sketch,False,False,True,277.05
EXP-01B,m1-028-01-sz1.jpg,m1-028,query_sketch,False,False,True,326.07
EXP-01B,m1-029-01-sz1.jpg,m1-029,query_sketch,False,False,True,439.2
EXP-01B,m1-030-01-sz1.jpg,m1-030,query_sketch,False,False,True,490.1
EXP-01B,m1-031-01-sz1.jpg,m1-031,query_sketch,False,False,True,528.24
EXP-01B,m1-032-01-sz1.jpg,m1-032,query_sketch,False,False,True,356.09
EXP-01B,m1-033-01-sz1.jpg,m1-033,query_sketch,False,False,True,428.41
EXP-01B,m1-034-01-sz1.jpg,m1-034,query_sketch,False,False,True,513.06
EXP-01B,m1-035-01-sz1.jpg,m1-035,query_sketch,False,False,True,391.04
EXP-01B,m1-036-01-sz1.jpg,m1-036,query_sketch,False,False,True,430.04
EXP-01B,m1-037-01-sz1.jpg,m1-037,query_sketch,False,False,True,485.19
EXP-01B,m1-038-01-sz1.jpg,m1-038,query_sketch,False,False,True,443.69
EXP-01B,m1-039-01-sz1.jpg,m1-039,query_sketch,False,False,True,431.97
EXP-01B,m1-040-01-sz1.jpg,m1-040,query_sketch,False,False,True,442.54
EXP-01B,m1-041-01-sz1.jpg,m1-041,query_sketch,False,False,True,388.87
EXP-01C,F2-005-01-sz1.jpg,F2-005,query_sketch,False,False,True,394.07
EXP-01C,F2-006-01-sz1.jpg,F2-006,query_sketch,False,False,True,406.72
EXP-01C,F2-007-01-sz1.jpg,F2-007,query_sketch,False,False,True,359.19
EXP-01C,F2-008-01-sz1.jpg,F2-008,query_sketch,False,False,True,225.49
EXP-01C,F2-009-01-sz1.jpg,F2-009,query_sketch,False,False,True,327.66
EXP-01C,F2-010-01-sz1.jpg,F20,query_sketch,False,False,True,230.06
EXP-01C,F2-011-01-sz1.jpg,F21,query_sketch,False,False,True,278.92
EXP-01C,F2-012-01-sz1.jpg,F22,query_sketch,False,False,True,273.3
EXP-01C,F2-013-01-sz1.jpg,F23,query_sketch,False,False,True,416.04
EXP-01C,F2-014-01-sz1.jpg,F24,query_sketch,False,False,True,486.29
EXP-01C,F2-015-01-sz1.jpg,F25,query_sketch,False,False,True,314.58
EXP-01C,F2-016-01-sz1.jpg,F26,query_sketch,False,False,True,286.74
EXP-01C,F2-017-01-sz1.jpg,F27,query_sketch,False,False,True,238.04
EXP-01C,F2-018-01-sz1.jpg,F28,query_sketch,False,False,True,296.62
EXP-01C,F2-019-01-sz1.jpg,F29,query_sketch,False,False,True,231.35
EXP-01C,F2-020-01-sz1.jpg,F2-020,query_sketch,False,False,True,276.7
EXP-01C,F2-021-01-sz1.jpg,F2-021,query_sketch,False,False,True,418.4
EXP-01C,F2-022-01-sz1.jpg,F2-022,query_sketch,False,False,True,380.49
EXP-01C,F2-023-01-sz1.jpg,F2-023,query_sketch,False,False,True,265.89
EXP-01C,F2-024-01-sz1.jpg,F2-024,query_sketch,False,False,True,273.4
EXP-01C,F2-025-01-sz1.jpg,F2-025,query_sketch,False,False,True,349.47
EXP-01C,F2-026-01-sz1.jpg,F2-026,query_sketch,False,False,True,247.61
EXP-01C,F2-027-01-sz1.jpg,F2-027,query_sketch,False,False,True,267.81
EXP-01C,F2-028-01-sz1.jpg,F2-028,query_sketch,False,False,True,508.6
EXP-01C,F2-029-01-sz1.jpg,F2-029,query_sketch,False,False,True,556.89
EXP-01C,F2-030-01-sz1.jpg,F2-030,query_sketch,False,False,True,431.5
EXP-01C,F2-031-01-sz1.jpg,F2-031,query_sketch,False,False,True,392.17
EXP-01C,F2-032-01-sz1.jpg,F2-032,query_sketch,False,False,True,391.26
EXP-01C,F2-033-01-sz1.jpg,F2-033,query_sketch,False,False,True,430.84
EXP-01C,F2-034-01-sz1.jpg,F2-034,query_sketch,False,False,True,567.71
EXP-01C,F2-035-01-sz1.jpg,F2-035,query_sketch,False,False,True,620.99
EXP-01C,F2-036-01-sz1.jpg,F2-036,query_sketch,False,False,True,329.72
EXP-01C,F2-037-01-sz1.jpg,F2-037,query_sketch,False,False,True,207.93
EXP-01C,F2-038-01-sz1.jpg,F2-038,query_sketch,False,False,True,560.62
EXP-01C,M2-008-01-sz1.jpg,M2-008,query_sketch,False,False,True,538.56
EXP-01C,M2-009-01-sz1.jpg,M2-009,query_sketch,False,False,True,265.25
EXP-01C,M2-010-01-sz1.jpg,M20,query_sketch,False,False,True,248.91
EXP-01C,M2-011-01-sz1.jpg,M21,query_sketch,False,False,True,315.89
EXP-01C,M2-012-01-sz1.jpg,M22,query_sketch,False,False,True,541.78
EXP-01C,M2-013-01-sz1.jpg,M23,query_sketch,False,False,True,322.36
EXP-01C,M2-014-01-sz1.jpg,M24,query_sketch,False,False,True,235.49
EXP-01C,M2-015-01-sz1.jpg,M25,query_sketch,False,False,True,310.84
EXP-01C,M2-016-01-sz1.jpg,M26,query_sketch,False,False,True,387.27
EXP-01C,M2-017-01-sz1.jpg,M27,query_sketch,False,False,True,424.14
EXP-01C,M2-018-01-sz1.jpg,M28,query_sketch,False,False,True,288.26
EXP-01C,M2-019-01-sz1.jpg,M29,query_sketch,False,False,True,253.94
EXP-01C,M2-021-01-sz1.jpg,M2-021,query_sketch,False,False,True,255.14
EXP-01C,M2-022-01-sz1.jpg,M2-022,query_sketch,False,False,True,222.9
EXP-01C,M2-023-01-sz1.jpg,M2-023,query_sketch,False,False,True,356.27
EXP-01C,M2-024-01-sz1.jpg,M2-024,query_sketch,False,False,True,398.14
EXP-01C,M2-025-01-sz1.jpg,M2-025,query_sketch,False,False,True,372.4
EXP-01C,M2-026-01-sz1.jpg,M2-026,query_sketch,False,False,True,222.51
EXP-01C,M2-027-01-sz1.jpg,M2-027,query_sketch,False,False,True,251.14
EXP-01C,M2-028-01-sz1.jpg,M2-028,query_sketch,False,False,True,243.81
EXP-01C,M2-029-01-sz1.jpg,M2-029,query_sketch,False,False,True,260.14
EXP-01C,M2-030-01-sz1.jpg,M2-030,query_sketch,False,False,True,353.78
EXP-01C,M2-031-01-sz1.jpg,M2-031,query_sketch,False,False,True,462.86
EXP-01C,M2-032-01-sz1.jpg,M2-032,query_sketch,False,False,True,506.01
EXP-01C,M2-033-01-sz1.jpg,M2-033,query_sketch,False,False,True,452.39
EXP-01C,M2-034-01-sz1.jpg,M2-034,query_sketch,False,False,True,501.51
EXP-01C,M2-035-01-sz1.jpg,M2-035,query_sketch,False,False,True,283.87
EXP-01C,M2-036-01-sz1.jpg,M2-036,query_sketch,False,False,True,272.66
EXP-01C,M2-037-01-sz1.jpg,M2-037,query_sketch,False,False,True,320.13
EXP-01C,M2-038-01-sz1.jpg,M2-038,query_sketch,False,False,True,444.03
EXP-01C,M2-039-01-sz1.jpg,M2-039,query_sketch,False,False,True,389.42
EXP-01C,M2-040-01-sz1.jpg,M2-040,query_sketch,False,False,True,419.76
EXP-01C,M2-041-01-sz1.jpg,M2-041,query_sketch,False,False,True,263.65
EXP-01C,M2-042-01-sz1.jpg,M2-042,query_sketch,False,False,True,228.88
EXP-01C,M2-043-01-sz1.jpg,M2-043,query_sketch,False,False,True,218.19
EXP-01C,M2-044-01-sz1.jpg,M2-044,query_sketch,False,False,True,522.45
EXP-01C,M2-045-01-sz1.jpg,M2-045,query_sketch,False,False,True,519.69
EXP-01C,M2-046-01-sz1.jpg,M2-046,query_sketch,False,False,True,505.24
EXP-01C,M2-047-01-sz1.jpg,M2-047,query_sketch,False,False,True,310.64
EXP-01C,M2-048-01-sz1.jpg,M2-048,query_sketch,False,False,True,375.01
EXP-01C,M2-049-01-sz1.jpg,M2-049,query_sketch,False,False,True,401.3
EXP-01C,M2-050-01-sz1.jpg,M2-050,query_sketch,False,False,True,381.93
EXP-01C,M2-051-01-sz1.jpg,M2-051,query_sketch,False,False,True,409.19
EXP-01C,M2-052-01-sz1.jpg,M2-052,query_sketch,False,False,True,527.11
EXP-01C,M2-053-01-sz1.jpg,M2-053,query_sketch,False,False,True,366.32
EXP-01C,M2-054-01-sz1.jpg,M2-054,query_sketch,False,False,True,531.32
EXP-01C,M2-055-01-sz1.jpg,M2-055,query_sketch,False,False,True,356.95
EXP-01C,M2-056-01-sz1.jpg,M2-056,query_sketch,False,False,True,355.41
EXP-01C,M2-057-01-sz1.jpg,M2-057,query_sketch,False,False,True,599.73
EXP-01C,M2-058-01-sz1.jpg,M2-058,query_sketch,False,False,True,371.72
EXP-01C,M2-059-01-sz1.jpg,M2-059,query_sketch,False,False,True,377.14
EXP-01C,M2-060-01-sz1.jpg,M2-060,query_sketch,False,False,True,346.77
EXP-01C,M2-061-01-sz1.jpg,M2-061,query_sketch,False,False,True,347.57
EXP-01C,M2-062-01-sz1.jpg,M2-062,query_sketch,False,False,True,500.59
EXP-01C,a-sharukh-1.jpg,a-sharukh-1,query_sketch,False,False,True,364.2
EXP-01C,a-sharukh-2.jpg,a-sharukh-2,query_sketch,False,False,True,350.93
EXP-01C,f-039-01-sz1.jpg,f-039,query_sketch,False,False,True,295.41
EXP-01C,f-040-01-sz1.jpg,f-040,query_sketch,False,False,True,258.89
EXP-01C,f-041-01-sz1.jpg,f-041,query_sketch,False,False,True,336.79
EXP-01C,f-042-01-sz1.jpg,f-042,query_sketch,False,False,True,255.1
EXP-01C,f-043-01-sz1.jpg,f-043,query_sketch,False,False,True,265.29
EXP-01C,f1-001-01-sz1.jpg,f1-001,query_sketch,False,False,True,316.14
EXP-01C,f1-002-01-sz1.jpg,f1-002,query_sketch,False,False,True,346.72
EXP-01C,f1-003-01-sz1.jpg,f1-003,query_sketch,False,False,True,326.75
EXP-01C,f1-004-01-sz1.jpg,f1-004,query_sketch,False,False,True,379.03
EXP-01C,f1-005-01-sz1.jpg,f1-005,query_sketch,False,False,True,362.56
EXP-01C,f1-006-01-sz1.jpg,f1-006,query_sketch,False,False,True,308.26
EXP-01C,f1-007-01-sz1.jpg,f1-007,query_sketch,False,False,True,228.33
EXP-01C,f1-008-01-sz1.jpg,f1-008,query_sketch,False,False,True,233.86
EXP-01C,f1-009-01-sz1.jpg,f1-009,query_sketch,False,False,True,228.86
EXP-01C,f1-010-01-sz1.jpg,f10,query_sketch,False,False,True,250.79
EXP-01C,f1-011-01-sz1.jpg,f11,query_sketch,False,False,True,331.32
EXP-01C,f1-012-01-sz1.jpg,f12,query_sketch,False,False,True,225.84
EXP-01C,f1-013-01-sz1.jpg,f13,query_sketch,False,False,True,226.97
EXP-01C,f1-014-01-sz1.jpg,f14,query_sketch,False,False,True,296.97
EXP-01C,f1-015-01-sz1.jpg,f15,query_sketch,False,False,True,262.77
EXP-01C,m-063-01-sz1.jpg,m-063,query_sketch,False,False,True,214.75
EXP-01C,m-064-01-sz1.jpg,m-064,query_sketch,False,False,True,222.33
EXP-01C,m-065-01-sz1.jpg,m-065,query_sketch,False,False,True,267.3
EXP-01C,m-066-01-sz1.jpg,m-066,query_sketch,False,False,True,272.05
EXP-01C,m-067-01-sz1.jpg,m-067,query_sketch,False,False,True,265.27
EXP-01C,m-068-01-sz1.jpg,m-068,query_sketch,False,False,True,331.02
EXP-01C,m-069-01-sz1.jpg,m-069,query_sketch,False,False,True,228.18
EXP-01C,m-070-01-sz1.jpg,m-070,query_sketch,False,False,True,252.16
EXP-01C,m-071-01-sz1.jpg,m-071,query_sketch,False,False,True,249.5
EXP-01C,m-072-01-sz1.jpg,m-072,query_sketch,False,False,True,232.75
EXP-01C,m-073-01-sz1.jpg,m-073,query_sketch,False,False,True,300.05
EXP-01C,m-074-01-sz1.jpg,m-074,query_sketch,False,False,True,203.93
EXP-01C,m-075-01-sz1.jpg,m-075,query_sketch,False,False,True,214.52
EXP-01C,m-076-01-sz1.jpg,m-076,query_sketch,False,False,True,218.15
EXP-01C,m-077-01-sz1.jpg,m-077,query_sketch,False,False,True,237.11
EXP-01C,m-078-01-sz1.jpg,m-078,query_sketch,False,False,True,229.55
EXP-01C,m-079-01-sz1.jpg,m-079,query_sketch,False,False,True,228.01
EXP-01C,m-080-01-sz1.jpg,m-080,query_sketch,False,False,True,212.33
EXP-01C,m-081-01-sz1.jpg,m-081,query_sketch,False,False,True,230.03
EXP-01C,m-082-01-sz1.jpg,m-082,query_sketch,False,False,True,228.39
EXP-01C,m-083-01-sz1.jpg,m-083,query_sketch,False,False,True,211.87
EXP-01C,m-084-01-sz1.jpg,m-084,query_sketch,False,False,True,263.33
EXP-01C,m-085-01-sz1.jpg,m-085,query_sketch,False,False,True,260.3
EXP-01C,m-086-01-sz1.jpg,m-086,query_sketch,False,False,True,219.56
EXP-01C,m-087-01-sz1.jpg,m-087,query_sketch,False,False,True,229.79
EXP-01C,m-088-01-sz1.jpg,m-088,query_sketch,False,False,True,248.13
EXP-01C,m-089-01-sz1.jpg,m-089,query_sketch,False,False,True,538.15
EXP-01C,m-090-01-sz1.jpg,m-090,query_sketch,False,False,True,259.04
EXP-01C,m-091-01-sz1.jpg,m-091,query_sketch,False,False,True,171.69
EXP-01C,m-092-01-sz1.jpg,m-092,query_sketch,False,False,True,194.95
EXP-01C,m-093-01-sz1.jpg,m-093,query_sketch,False,False,True,197.07
EXP-01C,m-094-01-sz1.jpg,m-094,query_sketch,False,False,True,196.02
EXP-01C,m-095-01-sz1.jpg,m-095,query_sketch,False,False,True,231.96
EXP-01C,m-096-01-sz1.jpg,m-096,query_sketch,False,False,True,228.74
EXP-01C,m-097-01-sz1.jpg,m-097,query_sketch,False,False,True,226.48
EXP-01C,m-098-01-sz1.jpg,m-098,query_sketch,False,False,True,229.96
EXP-01C,m-099-01-sz1.jpg,m-099,query_sketch,False,False,True,205.15
EXP-01C,m-100-01-sz1.jpg,m-100,query_sketch,False,False,True,232.48
EXP-01C,m-101-01-sz1.jpg,m-101,query_sketch,False,False,True,244.36
EXP-01C,m1-001-01-sz1.jpg,m1-001,query_sketch,False,False,True,220.98
EXP-01C,m1-002-01-sz1.jpg,m1-002,query_sketch,False,False,True,211.03
EXP-01C,m1-003-01-sz1.jpg,m1-003,query_sketch,False,False,True,208.81
EXP-01C,m1-004-01-sz1.jpg,m1-004,query_sketch,False,False,True,220.01
EXP-01C,m1-005-01-sz1.jpg,m1-005,query_sketch,False,False,True,232.18
EXP-01C,m1-006-01-sz1.jpg,m1-006,query_sketch,False,False,True,204.35
EXP-01C,m1-007-01-sz1.jpg,m1-007,query_sketch,False,False,True,218.83
EXP-01C,m1-008-01-sz1.jpg,m1-008,query_sketch,False,False,True,242.5
EXP-01C,m1-009-01-sz1.jpg,m1-009,query_sketch,False,False,True,309.32
EXP-01C,m1-010-01-sz1.jpg,m10,query_sketch,False,False,True,384.97
EXP-01C,m1-011-01-sz1.jpg,m11,query_sketch,False,False,True,233.47
EXP-01C,m1-012-01-sz1.jpg,m12,query_sketch,False,False,True,272.11
EXP-01C,m1-013-01-sz1.jpg,m13,query_sketch,False,False,True,177.22
EXP-01C,m1-014-01-sz1.jpg,m14,query_sketch,False,False,True,185.33
EXP-01C,m1-015-01-sz1.jpg,m15,query_sketch,False,False,True,223.76
EXP-01C,m1-016-01-sz1.jpg,m16,query_sketch,False,False,True,250.94
EXP-01C,m1-017-01-sz1.jpg,m17,query_sketch,False,False,True,240.66
EXP-01C,m1-018-01-sz1.jpg,m18,query_sketch,False,False,True,208.03
EXP-01C,m1-019-01-sz1.jpg,m19,query_sketch,False,False,True,225.31
EXP-01C,m1-020-01-sz1.jpg,m1-020,query_sketch,False,False,True,243.66
EXP-01C,m1-021-01-sz1.jpg,m1-021,query_sketch,False,False,True,242.32
EXP-01C,m1-022-01-sz1.jpg,m1-022,query_sketch,False,False,True,230.4
EXP-01C,m1-023-01-sz1.jpg,m1-023,query_sketch,False,False,True,233.01
EXP-01C,m1-024-01-sz1.jpg,m1-024,query_sketch,False,False,True,230.98
EXP-01C,m1-025-01-sz1.jpg,m1-025,query_sketch,False,False,True,225.66
EXP-01C,m1-026-01-sz1.jpg,m1-026,query_sketch,False,False,True,219.84
EXP-01C,m1-027-01-sz1.jpg,m1-027,query_sketch,False,False,True,211.25
EXP-01C,m1-028-01-sz1.jpg,m1-028,query_sketch,False,False,True,253.28
EXP-01C,m1-029-01-sz1.jpg,m1-029,query_sketch,False,False,True,239.88
EXP-01C,m1-030-01-sz1.jpg,m1-030,query_sketch,False,False,True,315.33
EXP-01C,m1-031-01-sz1.jpg,m1-031,query_sketch,False,False,True,323.99
EXP-01C,m1-032-01-sz1.jpg,m1-032,query_sketch,False,False,True,293.97
EXP-01C,m1-033-01-sz1.jpg,m1-033,query_sketch,False,False,True,240.09
EXP-01C,m1-034-01-sz1.jpg,m1-034,query_sketch,False,False,True,214.53
EXP-01C,m1-035-01-sz1.jpg,m1-035,query_sketch,False,False,True,205.83
EXP-01C,m1-036-01-sz1.jpg,m1-036,query_sketch,False,False,True,286.87
EXP-01C,m1-037-01-sz1.jpg,m1-037,query_sketch,False,False,True,268.51
EXP-01C,m1-038-01-sz1.jpg,m1-038,query_sketch,False,False,True,200.06
EXP-01C,m1-039-01-sz1.jpg,m1-039,query_sketch,False,False,True,232.72
EXP-01C,m1-040-01-sz1.jpg,m1-040,query_sketch,False,False,True,265.97
EXP-01C,m1-041-01-sz1.jpg,m1-041,query_sketch,False,False,True,183.99
