query_file,query_filename,pid,gallery_file,gallery_filename,is_paired
c:\Users\Mallikarjun Gala\OneDrive\Desktop\Third-Eye\Project Code (forensic face sketch)\Project Code (forensic face sketch)\ThirdEye v2\ml_service\dataset\queries\F2-005-01-sz1.jpg,F2-005-01-sz1.jpg,F2-005,,,NO
c:\Users\Mallikarjun Gala\OneDrive\Desktop\Third-Eye\Project Code (forensic face sketch)\Project Code (forensic face sketch)\ThirdEye v2\ml_service\dataset\queries\F2-006-01-sz1.jpg,F2-006-01-sz1.jpg,F2-006,,,NO
c:\Users\Mallikarjun Gala\OneDrive\Desktop\Third-Eye\Project Code (forensic face sketch)\Project Code (forensic face sketch)\ThirdEye v2\ml_service\dataset\queries\F2-007-01-sz1.jpg,F2-007-01-sz1.jpg,F2-007,,,NO
c:\Users\Mallikarjun Gala\OneDrive\Desktop\Third-Eye\Project Code (forensic face sketch)\Project Code (forensic face sketch)\ThirdEye v2\ml_service\dataset\queries\F2-008-01-sz1.jpg,F2-008-01-sz1.jpg,F2-008,,,NO
c:\Users\Mallikarjun Gala\OneDrive\Desktop\Third-Eye\Project Code (forensic face sketch)\Project Code (forensic face sketch)\ThirdEye v2\ml_service\dataset\queries\F2-009-01-sz1.jpg,F2-009-01-sz1.jpg,F2-009,,,NO
c:\Users\Mallikarjun Gala\OneDrive\Desktop\Third-Eye\Project Code (forensic face sketch)\Project Code (forensic face sketch)\ThirdEye v2\ml_service\dataset\queries\F2-010-01-sz1.jpg,F2-010-01-sz1.jpg,F20,,,NO
c:\Users\Mallikarjun Gala\OneDrive\Desktop\Third-Eye\Project Code (forensic face sketch)\Project Code (forensic face sketch)\ThirdEye v2\ml_service\dataset\queries\F2-011-01-sz1.jpg,F2-011-01-sz1.jpg,F21,,,NO
c:\Users\Mallikarjun Gala\OneDrive\Desktop\Third-Eye\Project Code (forensic face sketch)\Project Code (forensic face sketch)\ThirdEye v2\ml_service\dataset\queries\F2-012-01-sz1.jpg,F2-012-01-sz1.jpg,F22,,,NO
c:\Users\Mallikarjun Gala\OneDrive\Desktop\Third-Eye\Project Code (forensic face sketch)\Project Code (forensic face sketch)\ThirdEye v2\ml_service\dataset\queries\F2-013-01-sz1.jpg,F2-013-01-sz1.jpg,F23,,,NO
c:\Users\Mallikarjun Gala\OneDrive\Desktop\Third-Eye\Project Code (forensic face sketch)\Project Code (forensic face sketch)\ThirdEye v2\ml_service\dataset\queries\F2-014-01-sz1.jpg,F2-014-01-sz1.jpg,F24,,,NO
c:\Users\Mallikarjun Gala\OneDrive\Desktop\Third-Eye\Project Code (forensic face sketch)\Project Code (forensic face sketch)\ThirdEye v2\ml_service\dataset\queries\F2-015-01-sz1.jpg,F2-015-01-sz1.jpg,F25,,,NO
c:\Users\Mallikarjun Gala\OneDrive\Desktop\Third-Eye\Project Code (forensic face sketch)\Project Code (forensic face sketch)\ThirdEye v2\ml_service\dataset\queries\F2-016-01-sz1.jpg,F2-016-01-sz1.jpg,F26,,,NO
c:\Users\Mallikarjun Gala\OneDrive\Desktop\Third-Eye\Project Code (forensic face sketch)\Project Code (forensic face sketch)\ThirdEye v2\ml_service\dataset\queries\F2-017-01-sz1.jpg,F2-017-01-sz1.jpg,F27,,,NO
c:\Users\Mallikarjun Gala\OneDrive\Desktop\Third-Eye\Project Code (forensic face sketch)\Project Code (forensic face sketch)\ThirdEye v2\ml_service\dataset\queries\F2-018-01-sz1.jpg,F2-018-01-sz1.jpg,F28,,,NO
c:\Users\Mallikarjun Gala\OneDrive\Desktop\Third-Eye\Project Code (forensic face sketch)\Project Code (forensic face sketch)\ThirdEye v2\ml_service\dataset\queries\F2-019-01-sz1.jpg,F2-019-01-sz1.jpg,F29,,,NO
c:\Users\Mallikarjun Gala\OneDrive\Desktop\Third-Eye\Project Code (forensic face sketch)\Project Code (forensic face sketch)\ThirdEye v2\ml_service\dataset\queries\F2-020-01-sz1.jpg,F2-020-01-sz1.jpg,F2-020,,,NO
c:\Users\Mallikarjun Gala\OneDrive\Desktop\Third-Eye\Project Code (forensic face sketch)\Project Code (forensic face sketch)\ThirdEye v2\ml_service\dataset\queries\F2-021-01-sz1.jpg,F2-021-01-sz1.jpg,F2-021,,,NO
c:\Users\Mallikarjun Gala\OneDrive\Desktop\Third-Eye\Project Code (forensic face sketch)\Project Code (forensic face sketch)\ThirdEye v2\ml_service\dataset\queries\F2-022-01-sz1.jpg,F2-022-01-sz1.jpg,F2-022,,,NO
c:\Users\Mallikarjun Gala\OneDrive\Desktop\Third-Eye\Project Code (forensic face sketch)\Project Code (forensic face sketch)\ThirdEye v2\ml_service\dataset\queries\F2-023-01-sz1.jpg,F2-023-01-sz1.jpg,F2-023,,,NO
c:\Users\Mallikarjun Gala\OneDrive\Desktop\Third-Eye\Project Code (forensic face sketch)\Project Code (forensic face sketch)\ThirdEye v2\ml_service\dataset\queries\F2-024-01-sz1.jpg,F2-024-01-sz1.jpg,F2-024,,,NO
c:\Users\Mallikarjun Gala\OneDrive\Desktop\Third-Eye\Project Code (forensic face sketch)\Project Code (forensic face sketch)\ThirdEye v2\ml_service\dataset\queries\F2-025-01-sz1.jpg,F2-025-01-sz1.jpg,F2-025,,,NO
c:\Users\Mallikarjun Gala\OneDrive\Desktop\Third-Eye\Project Code (forensic face sketch)\Project Code (forensic face sketch)\ThirdEye v2\ml_service\dataset\queries\F2-026-01-sz1.jpg,F2-026-01-sz1.jpg,F2-026,,,NO
c:\Users\Mallikarjun Gala\OneDrive\Desktop\Third-Eye\Project Code (forensic face sketch)\Project Code (forensic face sketch)\ThirdEye v2\ml_service\dataset\queries\F2-027-01-sz1.jpg,F2-027-01-sz1.jpg,F2-027,,,NO
c:\Users\Mallikarjun Gala\OneDrive\Desktop\Third-Eye\Project Code (forensic face sketch)\Project Code (forensic face sketch)\ThirdEye v2\ml_service\dataset\queries\F2-028-01-sz1.jpg,F2-028-01-sz1.jpg,F2-028,,,NO
c:\Users\Mallikarjun Gala\OneDrive\Desktop\Third-Eye\Project Code (forensic face sketch)\Project Code (forensic face sketch)\ThirdEye v2\ml_service\dataset\queries\F2-029-01-sz1.jpg,F2-029-01-sz1.jpg,F2-029,,,NO
c:\Users\Mallikarjun Gala\OneDrive\Desktop\Third-Eye\Project Code (forensic face sketch)\Project Code (forensic face sketch)\ThirdEye v2\ml_service\dataset\queries\F2-030-01-sz1.jpg,F2-030-01-sz1.jpg,F2-030,,,NO
c:\Users\Mallikarjun Gala\OneDrive\Desktop\Third-Eye\Project Code (forensic face sketch)\Project Code (forensic face sketch)\ThirdEye v2\ml_service\dataset\queries\F2-031-01-sz1.jpg,F2-031-01-sz1.jpg,F2-031,,,NO
c:\Users\Mallikarjun Gala\OneDrive\Desktop\Third-Eye\Project Code (forensic face sketch)\Project Code (forensic face sketch)\ThirdEye v2\ml_service\dataset\queries\F2-032-01-sz1.jpg,F2-032-01-sz1.jpg,F2-032,,,NO
c:\Users\Mallikarjun Gala\OneDrive\Desktop\Third-Eye\Project Code (forensic face sketch)\Project Code (forensic face sketch)\ThirdEye v2\ml_service\dataset\queries\F2-033-01-sz1.jpg,F2-033-01-sz1.jpg,F2-033,,,NO
c:\Users\Mallikarjun Gala\OneDrive\Desktop\Third-Eye\Project Code (forensic face sketch)\Project Code (forensic face sketch)\ThirdEye v2\ml_service\dataset\queries\F2-034-01-sz1.jpg,F2-034-01-sz1.jpg,F2-034,,,NO
c:\Users\Mallikarjun Gala\OneDrive\Desktop\Third-Eye\Project Code (forensic face sketch)\Project Code (forensic face sketch)\ThirdEye v2\ml_service\dataset\queries\F2-035-01-sz1.jpg,F2-035-01-sz1.jpg,F2-035,,,NO
c:\Users\Mallikarjun Gala\OneDrive\Desktop\Third-Eye\Project Code (forensic face sketch)\Project Code (forensic face sketch)\ThirdEye v2\ml_service\dataset\queries\F2-036-01-sz1.jpg,F2-036-01-sz1.jpg,F2-036,,,NO
c:\Users\Mallikarjun Gala\OneDrive\Desktop\Third-Eye\Project Code (forensic face sketch)\Project Code (forensic face sketch)\ThirdEye v2\ml_service\dataset\queries\F2-037-01-sz1.jpg,F2-037-01-sz1.jpg,F2-037,,,NO
c:\Users\Mallikarjun Gala\OneDrive\Desktop\Third-Eye\Project Code (forensic face sketch)\Project Code (forensic face sketch)\ThirdEye v2\ml_service\dataset\queries\F2-038-01-sz1.jpg,F2-038-01-sz1.jpg,F2-038,,,NO
c:\Users\Mallikarjun Gala\OneDrive\Desktop\Third-Eye\Project Code (forensic face sketch)\Project Code (forensic face sketch)\ThirdEye v2\ml_service\dataset\queries\M2-008-01-sz1.jpg,M2-008-01-sz1.jpg,M2-008,,,NO
c:\Users\Mallikarjun Gala\OneDrive\Desktop\Third-Eye\Project Code (forensic face sketch)\Project Code (forensic face sketch)\ThirdEye v2\ml_service\dataset\queries\M2-009-01-sz1.jpg,M2-009-01-sz1.jpg,M2-009,,,NO
c:\Users\Mallikarjun Gala\OneDrive\Desktop\Third-Eye\Project Code (forensic face sketch)\Project Code (forensic face sketch)\ThirdEye v2\ml_service\dataset\queries\M2-010-01-sz1.jpg,M2-010-01-sz1.jpg,M20,,,NO
c:\Users\Mallikarjun Gala\OneDrive\Desktop\Third-Eye\Project Code (forensic face sketch)\Project Code (forensic face sketch)\ThirdEye v2\ml_service\dataset\queries\M2-011-01-sz1.jpg,M2-011-01-sz1.jpg,M21,,,NO
c:\Users\Mallikarjun Gala\OneDrive\Desktop\Third-Eye\Project Code (forensic face sketch)\Project Code (forensic face sketch)\ThirdEye v2\ml_service\dataset\queries\M2-012-01-sz1.jpg,M2-012-01-sz1.jpg,M22,,,NO
c:\Users\Mallikarjun Gala\OneDrive\Desktop\Third-Eye\Project Code (forensic face sketch)\Project Code (forensic face sketch)\ThirdEye v2\ml_service\dataset\queries\M2-013-01-sz1.jpg,M2-013-01-sz1.jpg,M23,,,NO
c:\Users\Mallikarjun Gala\OneDrive\Desktop\Third-Eye\Project Code (forensic face sketch)\Project Code (forensic face sketch)\ThirdEye v2\ml_service\dataset\queries\M2-014-01-sz1.jpg,M2-014-01-sz1.jpg,M24,,,NO
c:\Users\Mallikarjun Gala\OneDrive\Desktop\Third-Eye\Project Code (forensic face sketch)\Project Code (forensic face sketch)\ThirdEye v2\ml_service\dataset\queries\M2-015-01-sz1.jpg,M2-015-01-sz1.jpg,M25,,,NO
c:\Users\Mallikarjun Gala\OneDrive\Desktop\Third-Eye\Project Code (forensic face sketch)\Project Code (forensic face sketch)\ThirdEye v2\ml_service\dataset\queries\M2-016-01-sz1.jpg,M2-016-01-sz1.jpg,M26,,,NO
c:\Users\Mallikarjun Gala\OneDrive\Desktop\Third-Eye\Project Code (forensic face sketch)\Project Code (forensic face sketch)\ThirdEye v2\ml_service\dataset\queries\M2-017-01-sz1.jpg,M2-017-01-sz1.jpg,M27,,,NO
c:\Users\Mallikarjun Gala\OneDrive\Desktop\Third-Eye\Project Code (forensic face sketch)\Project Code (forensic face sketch)\ThirdEye v2\ml_service\dataset\queries\M2-018-01-sz1.jpg,M2-018-01-sz1.jpg,M28,,,NO
c:\Users\Mallikarjun Gala\OneDrive\Desktop\Third-Eye\Project Code (forensic face sketch)\Project Code (forensic face sketch)\ThirdEye v2\ml_service\dataset\queries\M2-019-01-sz1.jpg,M2-019-01-sz1.jpg,M29,,,NO
c:\Users\Mallikarjun Gala\OneDrive\Desktop\Third-Eye\Project Code (forensic face sketch)\Project Code (forensic face sketch)\ThirdEye v2\ml_service\dataset\queries\M2-021-01-sz1.jpg,M2-021-01-sz1.jpg,M2-021,,,NO
c:\Users\Mallikarjun Gala\OneDrive\Desktop\Third-Eye\Project Code (forensic face sketch)\Project Code (forensic face sketch)\ThirdEye v2\ml_service\dataset\queries\M2-022-01-sz1.jpg,M2-022-01-sz1.jpg,M2-022,,,NO
c:\Users\Mallikarjun Gala\OneDrive\Desktop\Third-Eye\Project Code (forensic face sketch)\Project Code (forensic face sketch)\ThirdEye v2\ml_service\dataset\queries\M2-023-01-sz1.jpg,M2-023-01-sz1.jpg,M2-023,,,NO
c:\Users\Mallikarjun Gala\OneDrive\Desktop\Third-Eye\Project Code (forensic face sketch)\Project Code (forensic face sketch)\ThirdEye v2\ml_service\dataset\queries\M2-024-01-sz1.jpg,M2-024-01-sz1.jpg,M2-024,,,NO
c:\Users\Mallikarjun Gala\OneDrive\Desktop\Third-Eye\Project Code (forensic face sketch)\Project Code (forensic face sketch)\ThirdEye v2\ml_service\dataset\queries\M2-025-01-sz1.jpg,M2-025-01-sz1.jpg,M2-025,,,NO
c:\Users\Mallikarjun Gala\OneDrive\Desktop\Third-Eye\Project Code (forensic face sketch)\Project Code (forensic face sketch)\ThirdEye v2\ml_service\dataset\queries\M2-026-01-sz1.jpg,M2-026-01-sz1.jpg,M2-026,,,NO
c:\Users\Mallikarjun Gala\OneDrive\Desktop\Third-Eye\Project Code (forensic face sketch)\Project Code (forensic face sketch)\ThirdEye v2\ml_service\dataset\queries\M2-027-01-sz1.jpg,M2-027-01-sz1.jpg,M2-027,,,NO
c:\Users\Mallikarjun Gala\OneDrive\Desktop\Third-Eye\Project Code (forensic face sketch)\Project Code (forensic face sketch)\ThirdEye v2\ml_service\dataset\queries\M2-028-01-sz1.jpg,M2-028-01-sz1.jpg,M2-028,,,NO
c:\Users\Mallikarjun Gala\OneDrive\Desktop\Third-Eye\Project Code (forensic face sketch)\Project Code (forensic face sketch)\ThirdEye v2\ml_service\dataset\queries\M2-029-01-sz1.jpg,M2-029-01-sz1.jpg,M2-029,,,NO
c:\Users\Mallikarjun Gala\OneDrive\Desktop\Third-Eye\Project Code (forensic face sketch)\Project Code (forensic face sketch)\ThirdEye v2\ml_service\dataset\queries\M2-030-01-sz1.jpg,M2-030-01-sz1.jpg,M2-030,,,NO
c:\Users\Mallikarjun Gala\OneDrive\Desktop\Third-Eye\Project Code (forensic face sketch)\Project Code (forensic face sketch)\ThirdEye v2\ml_service\dataset\queries\M2-031-01-sz1.jpg,M2-031-01-sz1.jpg,M2-031,,,NO
c:\Users\Mallikarjun Gala\OneDrive\Desktop\Third-Eye\Project Code (forensic face sketch)\Project Code (forensic face sketch)\ThirdEye v2\ml_service\dataset\queries\M2-032-01-sz1.jpg,M2-032-01-sz1.jpg,M2-032,,,NO
c:\Users\Mallikarjun Gala\OneDrive\Desktop\Third-Eye\Project Code (forensic face sketch)\Project Code (forensic face sketch)\ThirdEye v2\ml_service\dataset\queries\M2-033-01-sz1.jpg,M2-033-01-sz1.jpg,M2-033,,,NO
c:\Users\Mallikarjun Gala\OneDrive\Desktop\Third-Eye\Project Code (forensic face sketch)\Project Code (forensic face sketch)\ThirdEye v2\ml_service\dataset\queries\M2-034-01-sz1.jpg,M2-034-01-sz1.jpg,M2-034,,,NO
c:\Users\Mallikarjun Gala\OneDrive\Desktop\Third-Eye\Project Code (forensic face sketch)\Project Code (forensic face sketch)\ThirdEye v2\ml_service\dataset\queries\M2-035-01-sz1.jpg,M2-035-01-sz1.jpg,M2-035,,,NO
c:\Users\Mallikarjun Gala\OneDrive\Desktop\Third-Eye\Project Code (forensic face sketch)\Project Code (forensic face sketch)\ThirdEye v2\ml_service\dataset\queries\M2-036-01-sz1.jpg,M2-036-01-sz1.jpg,M2-036,,,NO
c:\Users\Mallikarjun Gala\OneDrive\Desktop\Third-Eye\Project Code (forensic face sketch)\Project Code (forensic face sketch)\ThirdEye v2\ml_service\dataset\queries\M2-037-01-sz1.jpg,M2-037-01-sz1.jpg,M2-037,,,NO
c:\Users\Mallikarjun Gala\OneDrive\Desktop\Third-Eye\Project Code (forensic face sketch)\Project Code (forensic face sketch)\ThirdEye v2\ml_service\dataset\queries\M2-038-01-sz1.jpg,M2-038-01-sz1.jpg,M2-038,,,NO
c:\Users\Mallikarjun Gala\OneDrive\Desktop\Third-Eye\Project Code (forensic face sketch)\Project Code (forensic face sketch)\ThirdEye v2\ml_service\dataset\queries\M2-039-01-sz1.jpg,M2-039-01-sz1.jpg,M2-039,,,NO
c:\Users\Mallikarjun Gala\OneDrive\Desktop\Third-Eye\Project Code (forensic face sketch)\Project Code (forensic face sketch)\ThirdEye v2\ml_service\dataset\queries\M2-040-01-sz1.jpg,M2-040-01-sz1.jpg,M2-040,,,NO
c:\Users\Mallikarjun Gala\OneDrive\Desktop\Third-Eye\Project Code (forensic face sketch)\Project Code (forensic face sketch)\ThirdEye v2\ml_service\dataset\queries\M2-041-01-sz1.jpg,M2-041-01-sz1.jpg,M2-041,,,NO
c:\Users\Mallikarjun Gala\OneDrive\Desktop\Third-Eye\Project Code (forensic face sketch)\Project Code (forensic face sketch)\ThirdEye v2\ml_service\dataset\queries\M2-042-01-sz1.jpg,M2-042-01-sz1.jpg,M2-042,,,NO
c:\Users\Mallikarjun Gala\OneDrive\Desktop\Third-Eye\Project Code (forensic face sketch)\Project Code (forensic face sketch)\ThirdEye v2\ml_service\dataset\queries\M2-043-01-sz1.jpg,M2-043-01-sz1.jpg,M2-043,,,NO
c:\Users\Mallikarjun Gala\OneDrive\Desktop\Third-Eye\Project Code (forensic face sketch)\Project Code (forensic face sketch)\ThirdEye v2\ml_service\dataset\queries\M2-044-01-sz1.jpg,M2-044-01-sz1.jpg,M2-044,,,NO
c:\Users\Mallikarjun Gala\OneDrive\Desktop\Third-Eye\Project Code (forensic face sketch)\Project Code (forensic face sketch)\ThirdEye v2\ml_service\dataset\queries\M2-045-01-sz1.jpg,M2-045-01-sz1.jpg,M2-045,,,NO
c:\Users\Mallikarjun Gala\OneDrive\Desktop\Third-Eye\Project Code (forensic face sketch)\Project Code (forensic face sketch)\ThirdEye v2\ml_service\dataset\queries\M2-046-01-sz1.jpg,M2-046-01-sz1.jpg,M2-046,,,NO
c:\Users\Mallikarjun Gala\OneDrive\Desktop\Third-Eye\Project Code (forensic face sketch)\Project Code (forensic face sketch)\ThirdEye v2\ml_service\dataset\queries\M2-047-01-sz1.jpg,M2-047-01-sz1.jpg,M2-047,,,NO
c:\Users\Mallikarjun Gala\OneDrive\Desktop\Third-Eye\Project Code (forensic face sketch)\Project Code (forensic face sketch)\ThirdEye v2\ml_service\dataset\queries\M2-048-01-sz1.jpg,M2-048-01-sz1.jpg,M2-048,,,NO
c:\Users\Mallikarjun Gala\OneDrive\Desktop\Third-Eye\Project Code (forensic face sketch)\Project Code (forensic face sketch)\ThirdEye v2\ml_service\dataset\queries\M2-049-01-sz1.jpg,M2-049-01-sz1.jpg,M2-049,,,NO
c:\Users\Mallikarjun Gala\OneDrive\Desktop\Third-Eye\Project Code (forensic face sketch)\Project Code (forensic face sketch)\ThirdEye v2\ml_service\dataset\queries\M2-050-01-sz1.jpg,M2-050-01-sz1.jpg,M2-050,,,NO
c:\Users\Mallikarjun Gala\OneDrive\Desktop\Third-Eye\Project Code (forensic face sketch)\Project Code (forensic face sketch)\ThirdEye v2\ml_service\dataset\queries\M2-051-01-sz1.jpg,M2-051-01-sz1.jpg,M2-051,,,NO
c:\Users\Mallikarjun Gala\OneDrive\Desktop\Third-Eye\Project Code (forensic face sketch)\Project Code (forensic face sketch)\ThirdEye v2\ml_service\dataset\queries\M2-052-01-sz1.jpg,M2-052-01-sz1.jpg,M2-052,,,NO
c:\Users\Mallikarjun Gala\OneDrive\Desktop\Third-Eye\Project Code (forensic face sketch)\Project Code (forensic face sketch)\ThirdEye v2\ml_service\dataset\queries\M2-053-01-sz1.jpg,M2-053-01-sz1.jpg,M2-053,,,NO
c:\Users\Mallikarjun Gala\OneDrive\Desktop\Third-Eye\Project Code (forensic face sketch)\Project Code (forensic face sketch)\ThirdEye v2\ml_service\dataset\queries\M2-054-01-sz1.jpg,M2-054-01-sz1.jpg,M2-054,,,NO
c:\Users\Mallikarjun Gala\OneDrive\Desktop\Third-Eye\Project Code (forensic face sketch)\Project Code (forensic face sketch)\ThirdEye v2\ml_service\dataset\queries\M2-055-01-sz1.jpg,M2-055-01-sz1.jpg,M2-055,,,NO
c:\Users\Mallikarjun Gala\OneDrive\Desktop\Third-Eye\Project Code (forensic face sketch)\Project Code (forensic face sketch)\ThirdEye v2\ml_service\dataset\queries\M2-056-01-sz1.jpg,M2-056-01-sz1.jpg,M2-056,,,NO
c:\Users\Mallikarjun Gala\OneDrive\Desktop\Third-Eye\Project Code (forensic face sketch)\Project Code (forensic face sketch)\ThirdEye v2\ml_service\dataset\queries\M2-057-01-sz1.jpg,M2-057-01-sz1.jpg,M2-057,,,NO
c:\Users\Mallikarjun Gala\OneDrive\Desktop\Third-Eye\Project Code (forensic face sketch)\Project Code (forensic face sketch)\ThirdEye v2\ml_service\dataset\queries\M2-058-01-sz1.jpg,M2-058-01-sz1.jpg,M2-058,,,NO
c:\Users\Mallikarjun Gala\OneDrive\Desktop\Third-Eye\Project Code (forensic face sketch)\Project Code (forensic face sketch)\ThirdEye v2\ml_service\dataset\queries\M2-059-01-sz1.jpg,M2-059-01-sz1.jpg,M2-059,,,NO
c:\Users\Mallikarjun Gala\OneDrive\Desktop\Third-Eye\Project Code (forensic face sketch)\Project Code (forensic face sketch)\ThirdEye v2\ml_service\dataset\queries\M2-060-01-sz1.jpg,M2-060-01-sz1.jpg,M2-060,,,NO
c:\Users\Mallikarjun Gala\OneDrive\Desktop\Third-Eye\Project Code (forensic face sketch)\Project Code (forensic face sketch)\ThirdEye v2\ml_service\dataset\queries\M2-061-01-sz1.jpg,M2-061-01-sz1.jpg,M2-061,,,NO
c:\Users\Mallikarjun Gala\OneDrive\Desktop\Third-Eye\Project Code (forensic face sketch)\Project Code (forensic face sketch)\ThirdEye v2\ml_service\dataset\queries\M2-062-01-sz1.jpg,M2-062-01-sz1.jpg,M2-062,,,NO
c:\Users\Mallikarjun Gala\OneDrive\Desktop\Third-Eye\Project Code (forensic face sketch)\Project Code (forensic face sketch)\ThirdEye v2\ml_service\dataset\queries\a-sharukh-1.jpg,a-sharukh-1.jpg,a-sharukh,c:\Users\Mallikarjun Gala\OneDrive\Desktop\Third-Eye\Project Code (forensic face sketch)\Project Code (forensic face sketch)\ThirdEye v2\ml_service\dataset\gallery\a-sharukh.jpg,a-sharukh.jpg,YES
c:\Users\Mallikarjun Gala\OneDrive\Desktop\Third-Eye\Project Code (forensic face sketch)\Project Code (forensic face sketch)\ThirdEye v2\ml_service\dataset\queries\a-sharukh-2.jpg,a-sharukh-2.jpg,a-sharukh,c:\Users\Mallikarjun Gala\OneDrive\Desktop\Third-Eye\Project Code (forensic face sketch)\Project Code (forensic face sketch)\ThirdEye v2\ml_service\dataset\gallery\a-sharukh.jpg,a-sharukh.jpg,YES
c:\Users\Mallikarjun Gala\OneDrive\Desktop\Third-Eye\Project Code (forensic face sketch)\Project Code (forensic face sketch)\ThirdEye v2\ml_service\dataset\queries\f-039-01-sz1.jpg,f-039-01-sz1.jpg,f-039,c:\Users\Mallikarjun Gala\OneDrive\Desktop\Third-Eye\Project Code (forensic face sketch)\Project Code (forensic face sketch)\ThirdEye v2\ml_service\dataset\gallery\f-039-01.jpg,f-039-01.jpg,YES
c:\Users\Mallikarjun Gala\OneDrive\Desktop\Third-Eye\Project Code (forensic face sketch)\Project Code (forensic face sketch)\ThirdEye v2\ml_service\dataset\queries\f-040-01-sz1.jpg,f-040-01-sz1.jpg,f-040,c:\Users\Mallikarjun Gala\OneDrive\Desktop\Third-Eye\Project Code (forensic face sketch)\Project Code (forensic face sketch)\ThirdEye v2\ml_service\dataset\gallery\f-040-01.jpg,f-040-01.jpg,YES
c:\Users\Mallikarjun Gala\OneDrive\Desktop\Third-Eye\Project Code (forensic face sketch)\Project Code (forensic face sketch)\ThirdEye v2\ml_service\dataset\queries\f-041-01-sz1.jpg,f-041-01-sz1.jpg,f-041,c:\Users\Mallikarjun Gala\OneDrive\Desktop\Third-Eye\Project Code (forensic face sketch)\Project Code (forensic face sketch)\ThirdEye v2\ml_service\dataset\gallery\f-041-01.jpg,f-041-01.jpg,YES
c:\Users\Mallikarjun Gala\OneDrive\Desktop\Third-Eye\Project Code (forensic face sketch)\Project Code (forensic face sketch)\ThirdEye v2\ml_service\dataset\queries\f-042-01-sz1.jpg,f-042-01-sz1.jpg,f-042,c:\Users\Mallikarjun Gala\OneDrive\Desktop\Third-Eye\Project Code (forensic face sketch)\Project Code (forensic face sketch)\ThirdEye v2\ml_service\dataset\gallery\f-042-01.jpg,f-042-01.jpg,YES
c:\Users\Mallikarjun Gala\OneDrive\Desktop\Third-Eye\Project Code (forensic face sketch)\Project Code (forensic face sketch)\ThirdEye v2\ml_service\dataset\queries\f-043-01-sz1.jpg,f-043-01-sz1.jpg,f-043,c:\Users\Mallikarjun Gala\OneDrive\Desktop\Third-Eye\Project Code (forensic face sketch)\Project Code (forensic face sketch)\ThirdEye v2\ml_service\dataset\gallery\f-043-01.jpg,f-043-01.jpg,YES
c:\Users\Mallikarjun Gala\OneDrive\Desktop\Third-Eye\Project Code (forensic face sketch)\Project Code (forensic face sketch)\ThirdEye v2\ml_service\dataset\queries\f1-001-01-sz1.jpg,f1-001-01-sz1.jpg,f1-001,c:\Users\Mallikarjun Gala\OneDrive\Desktop\Third-Eye\Project Code (forensic face sketch)\Project Code (forensic face sketch)\ThirdEye v2\ml_service\dataset\gallery\f1-001-01.jpg,f1-001-01.jpg,YES
c:\Users\Mallikarjun Gala\OneDrive\Desktop\Third-Eye\Project Code (forensic face sketch)\Project Code (forensic face sketch)\ThirdEye v2\ml_service\dataset\queries\f1-002-01-sz1.jpg,f1-002-01-sz1.jpg,f1-002,c:\Users\Mallikarjun Gala\OneDrive\Desktop\Third-Eye\Project Code (forensic face sketch)\Project Code (forensic face sketch)\ThirdEye v2\ml_service\dataset\gallery\f1-002-01.jpg,f1-002-01.jpg,YES
c:\Users\Mallikarjun Gala\OneDrive\Desktop\Third-Eye\Project Code (forensic face sketch)\Project Code (forensic face sketch)\ThirdEye v2\ml_service\dataset\queries\f1-003-01-sz1.jpg,f1-003-01-sz1.jpg,f1-003,c:\Users\Mallikarjun Gala\OneDrive\Desktop\Third-Eye\Project Code (forensic face sketch)\Project Code (forensic face sketch)\ThirdEye v2\ml_service\dataset\gallery\f1-003-01.jpg,f1-003-01.jpg,YES
c:\Users\Mallikarjun Gala\OneDrive\Desktop\Third-Eye\Project Code (forensic face sketch)\Project Code (forensic face sketch)\ThirdEye v2\ml_service\dataset\queries\f1-004-01-sz1.jpg,f1-004-01-sz1.jpg,f1-004,c:\Users\Mallikarjun Gala\OneDrive\Desktop\Third-Eye\Project Code (forensic face sketch)\Project Code (forensic face sketch)\ThirdEye v2\ml_service\dataset\gallery\f1-004-01.jpg,f1-004-01.jpg,YES
c:\Users\Mallikarjun Gala\OneDrive\Desktop\Third-Eye\Project Code (forensic face sketch)\Project Code (forensic face sketch)\ThirdEye v2\ml_service\dataset\queries\f1-005-01-sz1.jpg,f1-005-01-sz1.jpg,f1-005,c:\Users\Mallikarjun Gala\OneDrive\Desktop\Third-Eye\Project Code (forensic face sketch)\Project Code (forensic face sketch)\ThirdEye v2\ml_service\dataset\gallery\f1-005-01.jpg,f1-005-01.jpg,YES
c:\Users\Mallikarjun Gala\OneDrive\Desktop\Third-Eye\Project Code (forensic face sketch)\Project Code (forensic face sketch)\ThirdEye v2\ml_service\dataset\queries\f1-006-01-sz1.jpg,f1-006-01-sz1.jpg,f1-006,c:\Users\Mallikarjun Gala\OneDrive\Desktop\Third-Eye\Project Code (forensic face sketch)\Project Code (forensic face sketch)\ThirdEye v2\ml_service\dataset\gallery\f1-006-01.jpg,f1-006-01.jpg,YES
c:\Users\Mallikarjun Gala\OneDrive\Desktop\Third-Eye\Project Code (forensic face sketch)\Project Code (forensic face sketch)\ThirdEye v2\ml_service\dataset\queries\f1-007-01-sz1.jpg,f1-007-01-sz1.jpg,f1-007,c:\Users\Mallikarjun Gala\OneDrive\Desktop\Third-Eye\Project Code (forensic face sketch)\Project Code (forensic face sketch)\ThirdEye v2\ml_service\dataset\gallery\f1-007-01.jpg,f1-007-01.jpg,YES
c:\Users\Mallikarjun Gala\OneDrive\Desktop\Third-Eye\Project Code (forensic face sketch)\Project Code (forensic face sketch)\ThirdEye v2\ml_service\dataset\queries\f1-008-01-sz1.jpg,f1-008-01-sz1.jpg,f1-008,c:\Users\Mallikarjun Gala\OneDrive\Desktop\Third-Eye\Project Code (forensic face sketch)\Project Code (forensic face sketch)\ThirdEye v2\ml_service\dataset\gallery\f1-008-01.jpg,f1-008-01.jpg,YES
c:\Users\Mallikarjun Gala\OneDrive\Desktop\Third-Eye\Project Code (forensic face sketch)\Project Code (forensic face sketch)\ThirdEye v2\ml_service\dataset\queries\f1-009-01-sz1.jpg,f1-009-01-sz1.jpg,f1-009,c:\Users\Mallikarjun Gala\OneDrive\Desktop\Third-Eye\Project Code (forensic face sketch)\Project Code (forensic face sketch)\ThirdEye v2\ml_service\dataset\gallery\f1-009-01.jpg,f1-009-01.jpg,YES
c:\Users\Mallikarjun Gala\OneDrive\Desktop\Third-Eye\Project Code (forensic face sketch)\Project Code (forensic face sketch)\ThirdEye v2\ml_service\dataset\queries\f1-010-01-sz1.jpg,f1-010-01-sz1.jpg,f10,c:\Users\Mallikarjun Gala\OneDrive\Desktop\Third-Eye\Project Code (forensic face sketch)\Project Code (forensic face sketch)\ThirdEye v2\ml_service\dataset\gallery\f1-010-01.jpg,f1-010-01.jpg,YES
c:\Users\Mallikarjun Gala\OneDrive\Desktop\Third-Eye\Project Code (forensic face sketch)\Project Code (forensic face sketch)\ThirdEye v2\ml_service\dataset\queries\f1-011-01-sz1.jpg,f1-011-01-sz1.jpg,f11,c:\Users\Mallikarjun Gala\OneDrive\Desktop\Third-Eye\Project Code (forensic face sketch)\Project Code (forensic face sketch)\ThirdEye v2\ml_service\dataset\gallery\f1-011-01.jpg,f1-011-01.jpg,YES
c:\Users\Mallikarjun Gala\OneDrive\Desktop\Third-Eye\Project Code (forensic face sketch)\Project Code (forensic face sketch)\ThirdEye v2\ml_service\dataset\queries\f1-012-01-sz1.jpg,f1-012-01-sz1.jpg,f12,c:\Users\Mallikarjun Gala\OneDrive\Desktop\Third-Eye\Project Code (forensic face sketch)\Project Code (forensic face sketch)\ThirdEye v2\ml_service\dataset\gallery\f1-012-01.jpg,f1-012-01.jpg,YES
c:\Users\Mallikarjun Gala\OneDrive\Desktop\Third-Eye\Project Code (forensic face sketch)\Project Code (forensic face sketch)\ThirdEye v2\ml_service\dataset\queries\f1-013-01-sz1.jpg,f1-013-01-sz1.jpg,f13,c:\Users\Mallikarjun Gala\OneDrive\Desktop\Third-Eye\Project Code (forensic face sketch)\Project Code (forensic face sketch)\ThirdEye v2\ml_service\dataset\gallery\f1-013-01.jpg,f1-013-01.jpg,YES
c:\Users\Mallikarjun Gala\OneDrive\Desktop\Third-Eye\Project Code (forensic face sketch)\Project Code (forensic face sketch)\ThirdEye v2\ml_service\dataset\queries\f1-014-01-sz1.jpg,f1-014-01-sz1.jpg,f14,c:\Users\Mallikarjun Gala\OneDrive\Desktop\Third-Eye\Project Code (forensic face sketch)\Project Code (forensic face sketch)\ThirdEye v2\ml_service\dataset\gallery\f1-014-01.jpg,f1-014-01.jpg,YES
c:\Users\Mallikarjun Gala\OneDrive\Desktop\Third-Eye\Project Code (forensic face sketch)\Project Code (forensic face sketch)\ThirdEye v2\ml_service\dataset\queries\f1-015-01-sz1.jpg,f1-015-01-sz1.jpg,f15,c:\Users\Mallikarjun Gala\OneDrive\Desktop\Third-Eye\Project Code (forensic face sketch)\Project Code (forensic face sketch)\ThirdEye v2\ml_service\dataset\gallery\f1-015-01.jpg,f1-015-01.jpg,YES
c:\Users\Mallikarjun Gala\OneDrive\Desktop\Third-Eye\Project Code (forensic face sketch)\Project Code (forensic face sketch)\ThirdEye v2\ml_service\dataset\queries\m-063-01-sz1.jpg,m-063-01-sz1.jpg,m-063,c:\Users\Mallikarjun Gala\OneDrive\Desktop\Third-Eye\Project Code (forensic face sketch)\Project Code (forensic face sketch)\ThirdEye v2\ml_service\dataset\gallery\m-063-01.jpg,m-063-01.jpg,YES
c:\Users\Mallikarjun Gala\OneDrive\Desktop\Third-Eye\Project Code (forensic face sketch)\Project Code (forensic face sketch)\ThirdEye v2\ml_service\dataset\queries\m-064-01-sz1.jpg,m-064-01-sz1.jpg,m-064,c:\Users\Mallikarjun Gala\OneDrive\Desktop\Third-Eye\Project Code (forensic face sketch)\Project Code (forensic face sketch)\ThirdEye v2\ml_service\dataset\gallery\m-064-01.jpg,m-064-01.jpg,YES
c:\Users\Mallikarjun Gala\OneDrive\Desktop\Third-Eye\Project Code (forensic face sketch)\Project Code (forensic face sketch)\ThirdEye v2\ml_service\dataset\queries\m-065-01-sz1.jpg,m-065-01-sz1.jpg,m-065,c:\Users\Mallikarjun Gala\OneDrive\Desktop\Third-Eye\Project Code (forensic face sketch)\Project Code (forensic face sketch)\ThirdEye v2\ml_service\dataset\gallery\m-065-01.jpg,m-065-01.jpg,YES
c:\Users\Mallikarjun Gala\OneDrive\Desktop\Third-Eye\Project Code (forensic face sketch)\Project Code (forensic face sketch)\ThirdEye v2\ml_service\dataset\queries\m-066-01-sz1.jpg,m-066-01-sz1.jpg,m-066,c:\Users\Mallikarjun Gala\OneDrive\Desktop\Third-Eye\Project Code (forensic face sketch)\Project Code (forensic face sketch)\ThirdEye v2\ml_service\dataset\gallery\m-066-01.jpg,m-066-01.jpg,YES
c:\Users\Mallikarjun Gala\OneDrive\Desktop\Third-Eye\Project Code (forensic face sketch)\Project Code (forensic face sketch)\ThirdEye v2\ml_service\dataset\queries\m-067-01-sz1.jpg,m-067-01-sz1.jpg,m-067,c:\Users\Mallikarjun Gala\OneDrive\Desktop\Third-Eye\Project Code (forensic face sketch)\Project Code (forensic face sketch)\ThirdEye v2\ml_service\dataset\gallery\m-067-01.jpg,m-067-01.jpg,YES
c:\Users\Mallikarjun Gala\OneDrive\Desktop\Third-Eye\Project Code (forensic face sketch)\Project Code (forensic face sketch)\ThirdEye v2\ml_service\dataset\queries\m-068-01-sz1.jpg,m-068-01-sz1.jpg,m-068,c:\Users\Mallikarjun Gala\OneDrive\Desktop\Third-Eye\Project Code (forensic face sketch)\Project Code (forensic face sketch)\ThirdEye v2\ml_service\dataset\gallery\m-068-01.jpg,m-068-01.jpg,YES
c:\Users\Mallikarjun Gala\OneDrive\Desktop\Third-Eye\Project Code (forensic face sketch)\Project Code (forensic face sketch)\ThirdEye v2\ml_service\dataset\queries\m-069-01-sz1.jpg,m-069-01-sz1.jpg,m-069,c:\Users\Mallikarjun Gala\OneDrive\Desktop\Third-Eye\Project Code (forensic face sketch)\Project Code (forensic face sketch)\ThirdEye v2\ml_service\dataset\gallery\m-069-01.jpg,m-069-01.jpg,YES
c:\Users\Mallikarjun Gala\OneDrive\Desktop\Third-Eye\Project Code (forensic face sketch)\Project Code (forensic face sketch)\ThirdEye v2\ml_service\dataset\queries\m-070-01-sz1.jpg,m-070-01-sz1.jpg,m-070,c:\Users\Mallikarjun Gala\OneDrive\Desktop\Third-Eye\Project Code (forensic face sketch)\Project Code (forensic face sketch)\ThirdEye v2\ml_service\dataset\gallery\m-070-01.jpg,m-070-01.jpg,YES
c:\Users\Mallikarjun Gala\OneDrive\Desktop\Third-Eye\Project Code (forensic face sketch)\Project Code (forensic face sketch)\ThirdEye v2\ml_service\dataset\queries\m-071-01-sz1.jpg,m-071-01-sz1.jpg,m-071,c:\Users\Mallikarjun Gala\OneDrive\Desktop\Third-Eye\Project Code (forensic face sketch)\Project Code (forensic face sketch)\ThirdEye v2\ml_service\dataset\gallery\m-071-01.jpg,m-071-01.jpg,YES
c:\Users\Mallikarjun Gala\OneDrive\Desktop\Third-Eye\Project Code (forensic face sketch)\Project Code (forensic face sketch)\ThirdEye v2\ml_service\dataset\queries\m-072-01-sz1.jpg,m-072-01-sz1.jpg,m-072,c:\Users\Mallikarjun Gala\OneDrive\Desktop\Third-Eye\Project Code (forensic face sketch)\Project Code (forensic face sketch)\ThirdEye v2\ml_service\dataset\gallery\m-072-01.jpg,m-072-01.jpg,YES
c:\Users\Mallikarjun Gala\OneDrive\Desktop\Third-Eye\Project Code (forensic face sketch)\Project Code (forensic face sketch)\ThirdEye v2\ml_service\dataset\queries\m-073-01-sz1.jpg,m-073-01-sz1.jpg,m-073,c:\Users\Mallikarjun Gala\OneDrive\Desktop\Third-Eye\Project Code (forensic face sketch)\Project Code (forensic face sketch)\ThirdEye v2\ml_service\dataset\gallery\m-073-01.jpg,m-073-01.jpg,YES
c:\Users\Mallikarjun Gala\OneDrive\Desktop\Third-Eye\Project Code (forensic face sketch)\Project Code (forensic face sketch)\ThirdEye v2\ml_service\dataset\queries\m-074-01-sz1.jpg,m-074-01-sz1.jpg,m-074,c:\Users\Mallikarjun Gala\OneDrive\Desktop\Third-Eye\Project Code (forensic face sketch)\Project Code (forensic face sketch)\ThirdEye v2\ml_service\dataset\gallery\m-074-01.jpg,m-074-01.jpg,YES
c:\Users\Mallikarjun Gala\OneDrive\Desktop\Third-Eye\Project Code (forensic face sketch)\Project Code (forensic face sketch)\ThirdEye v2\ml_service\dataset\queries\m-075-01-sz1.jpg,m-075-01-sz1.jpg,m-075,c:\Users\Mallikarjun Gala\OneDrive\Desktop\Third-Eye\Project Code (forensic face sketch)\Project Code (forensic face sketch)\ThirdEye v2\ml_service\dataset\gallery\m-075-01.jpg,m-075-01.jpg,YES
c:\Users\Mallikarjun Gala\OneDrive\Desktop\Third-Eye\Project Code (forensic face sketch)\Project Code (forensic face sketch)\ThirdEye v2\ml_service\dataset\queries\m-076-01-sz1.jpg,m-076-01-sz1.jpg,m-076,c:\Users\Mallikarjun Gala\OneDrive\Desktop\Third-Eye\Project Code (forensic face sketch)\Project Code (forensic face sketch)\ThirdEye v2\ml_service\dataset\gallery\m-076-01.jpg,m-076-01.jpg,YES
c:\Users\Mallikarjun Gala\OneDrive\Desktop\Third-Eye\Project Code (forensic face sketch)\Project Code (forensic face sketch)\ThirdEye v2\ml_service\dataset\queries\m-077-01-sz1.jpg,m-077-01-sz1.jpg,m-077,c:\Users\Mallikarjun Gala\OneDrive\Desktop\Third-Eye\Project Code (forensic face sketch)\Project Code (forensic face sketch)\ThirdEye v2\ml_service\dataset\gallery\m-077-01.jpg,m-077-01.jpg,YES
c:\Users\Mallikarjun Gala\OneDrive\Desktop\Third-Eye\Project Code (forensic face sketch)\Project Code (forensic face sketch)\ThirdEye v2\ml_service\dataset\queries\m-078-01-sz1.jpg,m-078-01-sz1.jpg,m-078,c:\Users\Mallikarjun Gala\OneDrive\Desktop\Third-Eye\Project Code (forensic face sketch)\Project Code (forensic face sketch)\ThirdEye v2\ml_service\dataset\gallery\m-078-01.jpg,m-078-01.jpg,YES
c:\Users\Mallikarjun Gala\OneDrive\Desktop\Third-Eye\Project Code (forensic face sketch)\Project Code (forensic face sketch)\ThirdEye v2\ml_service\dataset\queries\m-079-01-sz1.jpg,m-079-01-sz1.jpg,m-079,c:\Users\Mallikarjun Gala\OneDrive\Desktop\Third-Eye\Project Code (forensic face sketch)\Project Code (forensic face sketch)\ThirdEye v2\ml_service\dataset\gallery\m-079-01.jpg,m-079-01.jpg,YES
c:\Users\Mallikarjun Gala\OneDrive\Desktop\Third-Eye\Project Code (forensic face sketch)\Project Code (forensic face sketch)\ThirdEye v2\ml_service\dataset\queries\m-080-01-sz1.jpg,m-080-01-sz1.jpg,m-080,c:\Users\Mallikarjun Gala\OneDrive\Desktop\Third-Eye\Project Code (forensic face sketch)\Project Code (forensic face sketch)\ThirdEye v2\ml_service\dataset\gallery\m-080-01.jpg,m-080-01.jpg,YES
c:\Users\Mallikarjun Gala\OneDrive\Desktop\Third-Eye\Project Code (forensic face sketch)\Project Code (forensic face sketch)\ThirdEye v2\ml_service\dataset\queries\m-081-01-sz1.jpg,m-081-01-sz1.jpg,m-081,c:\Users\Mallikarjun Gala\OneDrive\Desktop\Third-Eye\Project Code (forensic face sketch)\Project Code (forensic face sketch)\ThirdEye v2\ml_service\dataset\gallery\m-081-01.jpg,m-081-01.jpg,YES
c:\Users\Mallikarjun Gala\OneDrive\Desktop\Third-Eye\Project Code (forensic face sketch)\Project Code (forensic face sketch)\ThirdEye v2\ml_service\dataset\queries\m-082-01-sz1.jpg,m-082-01-sz1.jpg,m-082,c:\Users\Mallikarjun Gala\OneDrive\Desktop\Third-Eye\Project Code (forensic face sketch)\Project Code (forensic face sketch)\ThirdEye v2\ml_service\dataset\gallery\m-082-01.jpg,m-082-01.jpg,YES
c:\Users\Mallikarjun Gala\OneDrive\Desktop\Third-Eye\Project Code (forensic face sketch)\Project Code (forensic face sketch)\ThirdEye v2\ml_service\dataset\queries\m-083-01-sz1.jpg,m-083-01-sz1.jpg,m-083,c:\Users\Mallikarjun Gala\OneDrive\Desktop\Third-Eye\Project Code (forensic face sketch)\Project Code (forensic face sketch)\ThirdEye v2\ml_service\dataset\gallery\m-083-01.jpg,m-083-01.jpg,YES
c:\Users\Mallikarjun Gala\OneDrive\Desktop\Third-Eye\Project Code (forensic face sketch)\Project Code (forensic face sketch)\ThirdEye v2\ml_service\dataset\queries\m-084-01-sz1.jpg,m-084-01-sz1.jpg,m-084,c:\Users\Mallikarjun Gala\OneDrive\Desktop\Third-Eye\Project Code (forensic face sketch)\Project Code (forensic face sketch)\ThirdEye v2\ml_service\dataset\gallery\m-084-01.jpg,m-084-01.jpg,YES
c:\Users\Mallikarjun Gala\OneDrive\Desktop\Third-Eye\Project Code (forensic face sketch)\Project Code (forensic face sketch)\ThirdEye v2\ml_service\dataset\queries\m-085-01-sz1.jpg,m-085-01-sz1.jpg,m-085,c:\Users\Mallikarjun Gala\OneDrive\Desktop\Third-Eye\Project Code (forensic face sketch)\Project Code (forensic face sketch)\ThirdEye v2\ml_service\dataset\gallery\m-085-01.jpg,m-085-01.jpg,YES
c:\Users\Mallikarjun Gala\OneDrive\Desktop\Third-Eye\Project Code (forensic face sketch)\Project Code (forensic face sketch)\ThirdEye v2\ml_service\dataset\queries\m-086-01-sz1.jpg,m-086-01-sz1.jpg,m-086,c:\Users\Mallikarjun Gala\OneDrive\Desktop\Third-Eye\Project Code (forensic face sketch)\Project Code (forensic face sketch)\ThirdEye v2\ml_service\dataset\gallery\m-086-01.jpg,m-086-01.jpg,YES
c:\Users\Mallikarjun Gala\OneDrive\Desktop\Third-Eye\Project Code (forensic face sketch)\Project Code (forensic face sketch)\ThirdEye v2\ml_service\dataset\queries\m-087-01-sz1.jpg,m-087-01-sz1.jpg,m-087,c:\Users\Mallikarjun Gala\OneDrive\Desktop\Third-Eye\Project Code (forensic face sketch)\Project Code (forensic face sketch)\ThirdEye v2\ml_service\dataset\gallery\m-087-01.jpg,m-087-01.jpg,YES
c:\Users\Mallikarjun Gala\OneDrive\Desktop\Third-Eye\Project Code (forensic face sketch)\Project Code (forensic face sketch)\ThirdEye v2\ml_service\dataset\queries\m-088-01-sz1.jpg,m-088-01-sz1.jpg,m-088,c:\Users\Mallikarjun Gala\OneDrive\Desktop\Third-Eye\Project Code (forensic face sketch)\Project Code (forensic face sketch)\ThirdEye v2\ml_service\dataset\gallery\m-088-01.jpg,m-088-01.jpg,YES
c:\Users\Mallikarjun Gala\OneDrive\Desktop\Third-Eye\Project Code (forensic face sketch)\Project Code (forensic face sketch)\ThirdEye v2\ml_service\dataset\queries\m-089-01-sz1.jpg,m-089-01-sz1.jpg,m-089,c:\Users\Mallikarjun Gala\OneDrive\Desktop\Third-Eye\Project Code (forensic face sketch)\Project Code (forensic face sketch)\ThirdEye v2\ml_service\dataset\gallery\m-089-01.jpg,m-089-01.jpg,YES
c:\Users\Mallikarjun Gala\OneDrive\Desktop\Third-Eye\Project Code (forensic face sketch)\Project Code (forensic face sketch)\ThirdEye v2\ml_service\dataset\queries\m-090-01-sz1.jpg,m-090-01-sz1.jpg,m-090,c:\Users\Mallikarjun Gala\OneDrive\Desktop\Third-Eye\Project Code (forensic face sketch)\Project Code (forensic face sketch)\ThirdEye v2\ml_service\dataset\gallery\m-090-01.jpg,m-090-01.jpg,YES
c:\Users\Mallikarjun Gala\OneDrive\Desktop\Third-Eye\Project Code (forensic face sketch)\Project Code (forensic face sketch)\ThirdEye v2\ml_service\dataset\queries\m-091-01-sz1.jpg,m-091-01-sz1.jpg,m-091,c:\Users\Mallikarjun Gala\OneDrive\Desktop\Third-Eye\Project Code (forensic face sketch)\Project Code (forensic face sketch)\ThirdEye v2\ml_service\dataset\gallery\m-091-01.jpg,m-091-01.jpg,YES
c:\Users\Mallikarjun Gala\OneDrive\Desktop\Third-Eye\Project Code (forensic face sketch)\Project Code (forensic face sketch)\ThirdEye v2\ml_service\dataset\queries\m-092-01-sz1.jpg,m-092-01-sz1.jpg,m-092,c:\Users\Mallikarjun Gala\OneDrive\Desktop\Third-Eye\Project Code (forensic face sketch)\Project Code (forensic face sketch)\ThirdEye v2\ml_service\dataset\gallery\m-092-01.jpg,m-092-01.jpg,YES
c:\Users\Mallikarjun Gala\OneDrive\Desktop\Third-Eye\Project Code (forensic face sketch)\Project Code (forensic face sketch)\ThirdEye v2\ml_service\dataset\queries\m-093-01-sz1.jpg,m-093-01-sz1.jpg,m-093,c:\Users\Mallikarjun Gala\OneDrive\Desktop\Third-Eye\Project Code (forensic face sketch)\Project Code (forensic face sketch)\ThirdEye v2\ml_service\dataset\gallery\m-093-01.jpg,m-093-01.jpg,YES
c:\Users\Mallikarjun Gala\OneDrive\Desktop\Third-Eye\Project Code (forensic face sketch)\Project Code (forensic face sketch)\ThirdEye v2\ml_service\dataset\queries\m-094-01-sz1.jpg,m-094-01-sz1.jpg,m-094,c:\Users\Mallikarjun Gala\OneDrive\Desktop\Third-Eye\Project Code (forensic face sketch)\Project Code (forensic face sketch)\ThirdEye v2\ml_service\dataset\gallery\m-094-01.jpg,m-094-01.jpg,YES
c:\Users\Mallikarjun Gala\OneDrive\Desktop\Third-Eye\Project Code (forensic face sketch)\Project Code (forensic face sketch)\ThirdEye v2\ml_service\dataset\queries\m-095-01-sz1.jpg,m-095-01-sz1.jpg,m-095,c:\Users\Mallikarjun Gala\OneDrive\Desktop\Third-Eye\Project Code (forensic face sketch)\Project Code (forensic face sketch)\ThirdEye v2\ml_service\dataset\gallery\m-095-01.jpg,m-095-01.jpg,YES
c:\Users\Mallikarjun Gala\OneDrive\Desktop\Third-Eye\Project Code (forensic face sketch)\Project Code (forensic face sketch)\ThirdEye v2\ml_service\dataset\queries\m-096-01-sz1.jpg,m-096-01-sz1.jpg,m-096,c:\Users\Mallikarjun Gala\OneDrive\Desktop\Third-Eye\Project Code (forensic face sketch)\Project Code (forensic face sketch)\ThirdEye v2\ml_service\dataset\gallery\m-096-01.jpg,m-096-01.jpg,YES
c:\Users\Mallikarjun Gala\OneDrive\Desktop\Third-Eye\Project Code (forensic face sketch)\Project Code (forensic face sketch)\ThirdEye v2\ml_service\dataset\queries\m-097-01-sz1.jpg,m-097-01-sz1.jpg,m-097,c:\Users\Mallikarjun Gala\OneDrive\Desktop\Third-Eye\Project Code (forensic face sketch)\Project Code (forensic face sketch)\ThirdEye v2\ml_service\dataset\gallery\m-097-01.jpg,m-097-01.jpg,YES
c:\Users\Mallikarjun Gala\OneDrive\Desktop\Third-Eye\Project Code (forensic face sketch)\Project Code (forensic face sketch)\ThirdEye v2\ml_service\dataset\queries\m-098-01-sz1.jpg,m-098-01-sz1.jpg,m-098,c:\Users\Mallikarjun Gala\OneDrive\Desktop\Third-Eye\Project Code (forensic face sketch)\Project Code (forensic face sketch)\ThirdEye v2\ml_service\dataset\gallery\m-098-01.jpg,m-098-01.jpg,YES
c:\Users\Mallikarjun Gala\OneDrive\Desktop\Third-Eye\Project Code (forensic face sketch)\Project Code (forensic face sketch)\ThirdEye v2\ml_service\dataset\queries\m-099-01-sz1.jpg,m-099-01-sz1.jpg,m-099,c:\Users\Mallikarjun Gala\OneDrive\Desktop\Third-Eye\Project Code (forensic face sketch)\Project Code (forensic face sketch)\ThirdEye v2\ml_service\dataset\gallery\m-099-01.jpg,m-099-01.jpg,YES
c:\Users\Mallikarjun Gala\OneDrive\Desktop\Third-Eye\Project Code (forensic face sketch)\Project Code (forensic face sketch)\ThirdEye v2\ml_service\dataset\queries\m-100-01-sz1.jpg,m-100-01-sz1.jpg,m-100,c:\Users\Mallikarjun Gala\OneDrive\Desktop\Third-Eye\Project Code (forensic face sketch)\Project Code (forensic face sketch)\ThirdEye v2\ml_service\dataset\gallery\m-100-01.jpg,m-100-01.jpg,YES
c:\Users\Mallikarjun Gala\OneDrive\Desktop\Third-Eye\Project Code (forensic face sketch)\Project Code (forensic face sketch)\ThirdEye v2\ml_service\dataset\queries\m-101-01-sz1.jpg,m-101-01-sz1.jpg,m-101,c:\Users\Mallikarjun Gala\OneDrive\Desktop\Third-Eye\Project Code (forensic face sketch)\Project Code (forensic face sketch)\ThirdEye v2\ml_service\dataset\gallery\m-101-01.jpg,m-101-01.jpg,YES
c:\Users\Mallikarjun Gala\OneDrive\Desktop\Third-Eye\Project Code (forensic face sketch)\Project Code (forensic face sketch)\ThirdEye v2\ml_service\dataset\queries\m1-001-01-sz1.jpg,m1-001-01-sz1.jpg,m1-001,c:\Users\Mallikarjun Gala\OneDrive\Desktop\Third-Eye\Project Code (forensic face sketch)\Project Code (forensic face sketch)\ThirdEye v2\ml_service\dataset\gallery\m1-001-01.jpg,m1-001-01.jpg,YES
c:\Users\Mallikarjun Gala\OneDrive\Desktop\Third-Eye\Project Code (forensic face sketch)\Project Code (forensic face sketch)\ThirdEye v2\ml_service\dataset\queries\m1-002-01-sz1.jpg,m1-002-01-sz1.jpg,m1-002,c:\Users\Mallikarjun Gala\OneDrive\Desktop\Third-Eye\Project Code (forensic face sketch)\Project Code (forensic face sketch)\ThirdEye v2\ml_service\dataset\gallery\m1-002-01.jpg,m1-002-01.jpg,YES
c:\Users\Mallikarjun Gala\OneDrive\Desktop\Third-Eye\Project Code (forensic face sketch)\Project Code (forensic face sketch)\ThirdEye v2\ml_service\dataset\queries\m1-003-01-sz1.jpg,m1-003-01-sz1.jpg,m1-003,c:\Users\Mallikarjun Gala\OneDrive\Desktop\Third-Eye\Project Code (forensic face sketch)\Project Code (forensic face sketch)\ThirdEye v2\ml_service\dataset\gallery\m1-003-01.jpg,m1-003-01.jpg,YES
c:\Users\Mallikarjun Gala\OneDrive\Desktop\Third-Eye\Project Code (forensic face sketch)\Project Code (forensic face sketch)\ThirdEye v2\ml_service\dataset\queries\m1-004-01-sz1.jpg,m1-004-01-sz1.jpg,m1-004,c:\Users\Mallikarjun Gala\OneDrive\Desktop\Third-Eye\Project Code (forensic face sketch)\Project Code (forensic face sketch)\ThirdEye v2\ml_service\dataset\gallery\m1-004-01.jpg,m1-004-01.jpg,YES
c:\Users\Mallikarjun Gala\OneDrive\Desktop\Third-Eye\Project Code (forensic face sketch)\Project Code (forensic face sketch)\ThirdEye v2\ml_service\dataset\queries\m1-005-01-sz1.jpg,m1-005-01-sz1.jpg,m1-005,c:\Users\Mallikarjun Gala\OneDrive\Desktop\Third-Eye\Project Code (forensic face sketch)\Project Code (forensic face sketch)\ThirdEye v2\ml_service\dataset\gallery\m1-005-01.jpg,m1-005-01.jpg,YES
c:\Users\Mallikarjun Gala\OneDrive\Desktop\Third-Eye\Project Code (forensic face sketch)\Project Code (forensic face sketch)\ThirdEye v2\ml_service\dataset\queries\m1-006-01-sz1.jpg,m1-006-01-sz1.jpg,m1-006,c:\Users\Mallikarjun Gala\OneDrive\Desktop\Third-Eye\Project Code (forensic face sketch)\Project Code (forensic face sketch)\ThirdEye v2\ml_service\dataset\gallery\m1-006-01.jpg,m1-006-01.jpg,YES
c:\Users\Mallikarjun Gala\OneDrive\Desktop\Third-Eye\Project Code (forensic face sketch)\Project Code (forensic face sketch)\ThirdEye v2\ml_service\dataset\queries\m1-007-01-sz1.jpg,m1-007-01-sz1.jpg,m1-007,c:\Users\Mallikarjun Gala\OneDrive\Desktop\Third-Eye\Project Code (forensic face sketch)\Project Code (forensic face sketch)\ThirdEye v2\ml_service\dataset\gallery\m1-007-01.jpg,m1-007-01.jpg,YES
c:\Users\Mallikarjun Gala\OneDrive\Desktop\Third-Eye\Project Code (forensic face sketch)\Project Code (forensic face sketch)\ThirdEye v2\ml_service\dataset\queries\m1-008-01-sz1.jpg,m1-008-01-sz1.jpg,m1-008,c:\Users\Mallikarjun Gala\OneDrive\Desktop\Third-Eye\Project Code (forensic face sketch)\Project Code (forensic face sketch)\ThirdEye v2\ml_service\dataset\gallery\m1-008-01.jpg,m1-008-01.jpg,YES
c:\Users\Mallikarjun Gala\OneDrive\Desktop\Third-Eye\Project Code (forensic face sketch)\Project Code (forensic face sketch)\ThirdEye v2\ml_service\dataset\queries\m1-009-01-sz1.jpg,m1-009-01-sz1.jpg,m1-009,c:\Users\Mallikarjun Gala\OneDrive\Desktop\Third-Eye\Project Code (forensic face sketch)\Project Code (forensic face sketch)\ThirdEye v2\ml_service\dataset\gallery\m1-009-01.jpg,m1-009-01.jpg,YES
c:\Users\Mallikarjun Gala\OneDrive\Desktop\Third-Eye\Project Code (forensic face sketch)\Project Code (forensic face sketch)\ThirdEye v2\ml_service\dataset\queries\m1-010-01-sz1.jpg,m1-010-01-sz1.jpg,m10,c:\Users\Mallikarjun Gala\OneDrive\Desktop\Third-Eye\Project Code (forensic face sketch)\Project Code (forensic face sketch)\ThirdEye v2\ml_service\dataset\gallery\m1-010-01.jpg,m1-010-01.jpg,YES
c:\Users\Mallikarjun Gala\OneDrive\Desktop\Third-Eye\Project Code (forensic face sketch)\Project Code (forensic face sketch)\ThirdEye v2\ml_service\dataset\queries\m1-011-01-sz1.jpg,m1-011-01-sz1.jpg,m11,c:\Users\Mallikarjun Gala\OneDrive\Desktop\Third-Eye\Project Code (forensic face sketch)\Project Code (forensic face sketch)\ThirdEye v2\ml_service\dataset\gallery\m1-011-01.jpg,m1-011-01.jpg,YES
c:\Users\Mallikarjun Gala\OneDrive\Desktop\Third-Eye\Project Code (forensic face sketch)\Project Code (forensic face sketch)\ThirdEye v2\ml_service\dataset\queries\m1-012-01-sz1.jpg,m1-012-01-sz1.jpg,m12,c:\Users\Mallikarjun Gala\OneDrive\Desktop\Third-Eye\Project Code (forensic face sketch)\Project Code (forensic face sketch)\ThirdEye v2\ml_service\dataset\gallery\m1-012-01.jpg,m1-012-01.jpg,YES
c:\Users\Mallikarjun Gala\OneDrive\Desktop\Third-Eye\Project Code (forensic face sketch)\Project Code (forensic face sketch)\ThirdEye v2\ml_service\dataset\queries\m1-013-01-sz1.jpg,m1-013-01-sz1.jpg,m13,c:\Users\Mallikarjun Gala\OneDrive\Desktop\Third-Eye\Project Code (forensic face sketch)\Project Code (forensic face sketch)\ThirdEye v2\ml_service\dataset\gallery\m1-013-01.jpg,m1-013-01.jpg,YES
c:\Users\Mallikarjun Gala\OneDrive\Desktop\Third-Eye\Project Code (forensic face sketch)\Project Code (forensic face sketch)\ThirdEye v2\ml_service\dataset\queries\m1-014-01-sz1.jpg,m1-014-01-sz1.jpg,m14,c:\Users\Mallikarjun Gala\OneDrive\Desktop\Third-Eye\Project Code (forensic face sketch)\Project Code (forensic face sketch)\ThirdEye v2\ml_service\dataset\gallery\m1-014-01.jpg,m1-014-01.jpg,YES
c:\Users\Mallikarjun Gala\OneDrive\Desktop\Third-Eye\Project Code (forensic face sketch)\Project Code (forensic face sketch)\ThirdEye v2\ml_service\dataset\queries\m1-015-01-sz1.jpg,m1-015-01-sz1.jpg,m15,c:\Users\Mallikarjun Gala\OneDrive\Desktop\Third-Eye\Project Code (forensic face sketch)\Project Code (forensic face sketch)\ThirdEye v2\ml_service\dataset\gallery\m1-015-01.jpg,m1-015-01.jpg,YES
c:\Users\Mallikarjun Gala\OneDrive\Desktop\Third-Eye\Project Code (forensic face sketch)\Project Code (forensic face sketch)\ThirdEye v2\ml_service\dataset\queries\m1-016-01-sz1.jpg,m1-016-01-sz1.jpg,m16,c:\Users\Mallikarjun Gala\OneDrive\Desktop\Third-Eye\Project Code (forensic face sketch)\Project Code (forensic face sketch)\ThirdEye v2\ml_service\dataset\gallery\m1-016-01.jpg,m1-016-01.jpg,YES
c:\Users\Mallikarjun Gala\OneDrive\Desktop\Third-Eye\Project Code (forensic face sketch)\Project Code (forensic face sketch)\ThirdEye v2\ml_service\dataset\queries\m1-017-01-sz1.jpg,m1-017-01-sz1.jpg,m17,c:\Users\Mallikarjun Gala\OneDrive\Desktop\Third-Eye\Project Code (forensic face sketch)\Project Code (forensic face sketch)\ThirdEye v2\ml_service\dataset\gallery\m1-017-01.jpg,m1-017-01.jpg,YES
c:\Users\Mallikarjun Gala\OneDrive\Desktop\Third-Eye\Project Code (forensic face sketch)\Project Code (forensic face sketch)\ThirdEye v2\ml_service\dataset\queries\m1-018-01-sz1.jpg,m1-018-01-sz1.jpg,m18,c:\Users\Mallikarjun Gala\OneDrive\Desktop\Third-Eye\Project Code (forensic face sketch)\Project Code (forensic face sketch)\ThirdEye v2\ml_service\dataset\gallery\m1-018-01.jpg,m1-018-01.jpg,YES
c:\Users\Mallikarjun Gala\OneDrive\Desktop\Third-Eye\Project Code (forensic face sketch)\Project Code (forensic face sketch)\ThirdEye v2\ml_service\dataset\queries\m1-019-01-sz1.jpg,m1-019-01-sz1.jpg,m19,c:\Users\Mallikarjun Gala\OneDrive\Desktop\Third-Eye\Project Code (forensic face sketch)\Project Code (forensic face sketch)\ThirdEye v2\ml_service\dataset\gallery\m1-019-01.jpg,m1-019-01.jpg,YES
c:\Users\Mallikarjun Gala\OneDrive\Desktop\Third-Eye\Project Code (forensic face sketch)\Project Code (forensic face sketch)\ThirdEye v2\ml_service\dataset\queries\m1-020-01-sz1.jpg,m1-020-01-sz1.jpg,m1-020,c:\Users\Mallikarjun Gala\OneDrive\Desktop\Third-Eye\Project Code (forensic face sketch)\Project Code (forensic face sketch)\ThirdEye v2\ml_service\dataset\gallery\m1-020-01.jpg,m1-020-01.jpg,YES
c:\Users\Mallikarjun Gala\OneDrive\Desktop\Third-Eye\Project Code (forensic face sketch)\Project Code (forensic face sketch)\ThirdEye v2\ml_service\dataset\queries\m1-021-01-sz1.jpg,m1-021-01-sz1.jpg,m1-021,c:\Users\Mallikarjun Gala\OneDrive\Desktop\Third-Eye\Project Code (forensic face sketch)\Project Code (forensic face sketch)\ThirdEye v2\ml_service\dataset\gallery\m1-021-01.jpg,m1-021-01.jpg,YES
c:\Users\Mallikarjun Gala\OneDrive\Desktop\Third-Eye\Project Code (forensic face sketch)\Project Code (forensic face sketch)\ThirdEye v2\ml_service\dataset\queries\m1-022-01-sz1.jpg,m1-022-01-sz1.jpg,m1-022,c:\Users\Mallikarjun Gala\OneDrive\Desktop\Third-Eye\Project Code (forensic face sketch)\Project Code (forensic face sketch)\ThirdEye v2\ml_service\dataset\gallery\m1-022-01.jpg,m1-022-01.jpg,YES
c:\Users\Mallikarjun Gala\OneDrive\Desktop\Third-Eye\Project Code (forensic face sketch)\Project Code (forensic face sketch)\ThirdEye v2\ml_service\dataset\queries\m1-023-01-sz1.jpg,m1-023-01-sz1.jpg,m1-023,c:\Users\Mallikarjun Gala\OneDrive\Desktop\Third-Eye\Project Code (forensic face sketch)\Project Code (forensic face sketch)\ThirdEye v2\ml_service\dataset\gallery\m1-023-01.jpg,m1-023-01.jpg,YES
c:\Users\Mallikarjun Gala\OneDrive\Desktop\Third-Eye\Project Code (forensic face sketch)\Project Code (forensic face sketch)\ThirdEye v2\ml_service\dataset\queries\m1-024-01-sz1.jpg,m1-024-01-sz1.jpg,m1-024,c:\Users\Mallikarjun Gala\OneDrive\Desktop\Third-Eye\Project Code (forensic face sketch)\Project Code (forensic face sketch)\ThirdEye v2\ml_service\dataset\gallery\m1-024-01.jpg,m1-024-01.jpg,YES
c:\Users\Mallikarjun Gala\OneDrive\Desktop\Third-Eye\Project Code (forensic face sketch)\Project Code (forensic face sketch)\ThirdEye v2\ml_service\dataset\queries\m1-025-01-sz1.jpg,m1-025-01-sz1.jpg,m1-025,c:\Users\Mallikarjun Gala\OneDrive\Desktop\Third-Eye\Project Code (forensic face sketch)\Project Code (forensic face sketch)\ThirdEye v2\ml_service\dataset\gallery\m1-025-01.jpg,m1-025-01.jpg,YES
c:\Users\Mallikarjun Gala\OneDrive\Desktop\Third-Eye\Project Code (forensic face sketch)\Project Code (forensic face sketch)\ThirdEye v2\ml_service\dataset\queries\m1-026-01-sz1.jpg,m1-026-01-sz1.jpg,m1-026,c:\Users\Mallikarjun Gala\OneDrive\Desktop\Third-Eye\Project Code (forensic face sketch)\Project Code (forensic face sketch)\ThirdEye v2\ml_service\dataset\gallery\m1-026-01.jpg,m1-026-01.jpg,YES
c:\Users\Mallikarjun Gala\OneDrive\Desktop\Third-Eye\Project Code (forensic face sketch)\Project Code (forensic face sketch)\ThirdEye v2\ml_service\dataset\queries\m1-027-01-sz1.jpg,m1-027-01-sz1.jpg,m1-027,c:\Users\Mallikarjun Gala\OneDrive\Desktop\Third-Eye\Project Code (forensic face sketch)\Project Code (forensic face sketch)\ThirdEye v2\ml_service\dataset\gallery\m1-027-01.jpg,m1-027-01.jpg,YES
c:\Users\Mallikarjun Gala\OneDrive\Desktop\Third-Eye\Project Code (forensic face sketch)\Project Code (forensic face sketch)\ThirdEye v2\ml_service\dataset\queries\m1-028-01-sz1.jpg,m1-028-01-sz1.jpg,m1-028,c:\Users\Mallikarjun Gala\OneDrive\Desktop\Third-Eye\Project Code (forensic face sketch)\Project Code (forensic face sketch)\ThirdEye v2\ml_service\dataset\gallery\m1-028-01.jpg,m1-028-01.jpg,YES
c:\Users\Mallikarjun Gala\OneDrive\Desktop\Third-Eye\Project Code (forensic face sketch)\Project Code (forensic face sketch)\ThirdEye v2\ml_service\dataset\queries\m1-029-01-sz1.jpg,m1-029-01-sz1.jpg,m1-029,c:\Users\Mallikarjun Gala\OneDrive\Desktop\Third-Eye\Project Code (forensic face sketch)\Project Code (forensic face sketch)\ThirdEye v2\ml_service\dataset\gallery\m1-029-01.jpg,m1-029-01.jpg,YES
c:\Users\Mallikarjun Gala\OneDrive\Desktop\Third-Eye\Project Code (forensic face sketch)\Project Code (forensic face sketch)\ThirdEye v2\ml_service\dataset\queries\m1-030-01-sz1.jpg,m1-030-01-sz1.jpg,m1-030,c:\Users\Mallikarjun Gala\OneDrive\Desktop\Third-Eye\Project Code (forensic face sketch)\Project Code (forensic face sketch)\ThirdEye v2\ml_service\dataset\gallery\m1-030-01.jpg,m1-030-01.jpg,YES
c:\Users\Mallikarjun Gala\OneDrive\Desktop\Third-Eye\Project Code (forensic face sketch)\Project Code (forensic face sketch)\ThirdEye v2\ml_service\dataset\queries\m1-031-01-sz1.jpg,m1-031-01-sz1.jpg,m1-031,c:\Users\Mallikarjun Gala\OneDrive\Desktop\Third-Eye\Project Code (forensic face sketch)\Project Code (forensic face sketch)\ThirdEye v2\ml_service\dataset\gallery\m1-031-01.jpg,m1-031-01.jpg,YES
c:\Users\Mallikarjun Gala\OneDrive\Desktop\Third-Eye\Project Code (forensic face sketch)\Project Code (forensic face sketch)\ThirdEye v2\ml_service\dataset\queries\m1-032-01-sz1.jpg,m1-032-01-sz1.jpg,m1-032,c:\Users\Mallikarjun Gala\OneDrive\Desktop\Third-Eye\Project Code (forensic face sketch)\Project Code (forensic face sketch)\ThirdEye v2\ml_service\dataset\gallery\m1-032-01.jpg,m1-032-01.jpg,YES
c:\Users\Mallikarjun Gala\OneDrive\Desktop\Third-Eye\Project Code (forensic face sketch)\Project Code (forensic face sketch)\ThirdEye v2\ml_service\dataset\queries\m1-033-01-sz1.jpg,m1-033-01-sz1.jpg,m1-033,c:\Users\Mallikarjun Gala\OneDrive\Desktop\Third-Eye\Project Code (forensic face sketch)\Project Code (forensic face sketch)\ThirdEye v2\ml_service\dataset\gallery\m1-033-01.jpg,m1-033-01.jpg,YES
c:\Users\Mallikarjun Gala\OneDrive\Desktop\Third-Eye\Project Code (forensic face sketch)\Project Code (forensic face sketch)\ThirdEye v2\ml_service\dataset\queries\m1-034-01-sz1.jpg,m1-034-01-sz1.jpg,m1-034,c:\Users\Mallikarjun Gala\OneDrive\Desktop\Third-Eye\Project Code (forensic face sketch)\Project Code (forensic face sketch)\ThirdEye v2\ml_service\dataset\gallery\m1-034-01.jpg,m1-034-01.jpg,YES
c:\Users\Mallikarjun Gala\OneDrive\Desktop\Third-Eye\Project Code (forensic face sketch)\Project Code (forensic face sketch)\ThirdEye v2\ml_service\dataset\queries\m1-035-01-sz1.jpg,m1-035-01-sz1.jpg,m1-035,c:\Users\Mallikarjun Gala\OneDrive\Desktop\Third-Eye\Project Code (forensic face sketch)\Project Code (forensic face sketch)\ThirdEye v2\ml_service\dataset\gallery\m1-035-01.jpg,m1-035-01.jpg,YES
c:\Users\Mallikarjun Gala\OneDrive\Desktop\Third-Eye\Project Code (forensic face sketch)\Project Code (forensic face sketch)\ThirdEye v2\ml_service\dataset\queries\m1-036-01-sz1.jpg,m1-036-01-sz1.jpg,m1-036,c:\Users\Mallikarjun Gala\OneDrive\Desktop\Third-Eye\Project Code (forensic face sketch)\Project Code (forensic face sketch)\ThirdEye v2\ml_service\dataset\gallery\m1-036-01.jpg,m1-036-01.jpg,YES
c:\Users\Mallikarjun Gala\OneDrive\Desktop\Third-Eye\Project Code (forensic face sketch)\Project Code (forensic face sketch)\ThirdEye v2\ml_service\dataset\queries\m1-037-01-sz1.jpg,m1-037-01-sz1.jpg,m1-037,c:\Users\Mallikarjun Gala\OneDrive\Desktop\Third-Eye\Project Code (forensic face sketch)\Project Code (forensic face sketch)\ThirdEye v2\ml_service\dataset\gallery\m1-037-01.jpg,m1-037-01.jpg,YES
c:\Users\Mallikarjun Gala\OneDrive\Desktop\Third-Eye\Project Code (forensic face sketch)\Project Code (forensic face sketch)\ThirdEye v2\ml_service\dataset\queries\m1-038-01-sz1.jpg,m1-038-01-sz1.jpg,m1-038,c:\Users\Mallikarjun Gala\OneDrive\Desktop\Third-Eye\Project Code (forensic face sketch)\Project Code (forensic face sketch)\ThirdEye v2\ml_service\dataset\gallery\m1-038-01.jpg,m1-038-01.jpg,YES
c:\Users\Mallikarjun Gala\OneDrive\Desktop\Third-Eye\Project Code (forensic face sketch)\Project Code (forensic face sketch)\ThirdEye v2\ml_service\dataset\queries\m1-039-01-sz1.jpg,m1-039-01-sz1.jpg,m1-039,c:\Users\Mallikarjun Gala\OneDrive\Desktop\Third-Eye\Project Code (forensic face sketch)\Project Code (forensic face sketch)\ThirdEye v2\ml_service\dataset\gallery\m1-039-01.jpg,m1-039-01.jpg,YES
c:\Users\Mallikarjun Gala\OneDrive\Desktop\Third-Eye\Project Code (forensic face sketch)\Project Code (forensic face sketch)\ThirdEye v2\ml_service\dataset\queries\m1-040-01-sz1.jpg,m1-040-01-sz1.jpg,m1-040,c:\Users\Mallikarjun Gala\OneDrive\Desktop\Third-Eye\Project Code (forensic face sketch)\Project Code (forensic face sketch)\ThirdEye v2\ml_service\dataset\gallery\m1-040-01.jpg,m1-040-01.jpg,YES
c:\Users\Mallikarjun Gala\OneDrive\Desktop\Third-Eye\Project Code (forensic face sketch)\Project Code (forensic face sketch)\ThirdEye v2\ml_service\dataset\queries\m1-041-01-sz1.jpg,m1-041-01-sz1.jpg,m1-041,c:\Users\Mallikarjun Gala\OneDrive\Desktop\Third-Eye\Project Code (forensic face sketch)\Project Code (forensic face sketch)\ThirdEye v2\ml_service\dataset\gallery\m1-041-01.jpg,m1-041-01.jpg,YES
