image_file,dataset_namespace,namespaced_identity,modality,resolution,is_corrupt,face_detected,blur_laplacian_var,rms_contrast,aspect_ratio,is_duplicate,qc_status
a-sharukh.jpg,CUFS,CUFS:a-sharukh,Gallery Photo,299x168,False,True,746.78,84.5,1.78,False,PASSED
f-005-01.jpg,CUFS,CUFS:f-005,Gallery Photo,200x250,False,True,254.91,71.56,0.8,False,PASSED
f-006-01.jpg,CUFS,CUFS:f-006,Gallery Photo,200x250,False,True,770.52,69.15,0.8,False,PASSED
f-007-01.jpg,CUFS,CUFS:f-007,Gallery Photo,200x250,False,True,532.98,61.88,0.8,False,PASSED
f-008-01.jpg,CUFS,CUFS:f-008,Gallery Photo,200x250,False,True,475.88,66.67,0.8,False,PASSED
f-009-01.jpg,CUFS,CUFS:f-009,Gallery Photo,200x250,False,True,495.51,73.05,0.8,False,PASSED
f-010-01.jpg,CUFS,CUFS:f0,Gallery Photo,200x250,False,True,434.13,72.95,0.8,False,PASSED
f-011-01.jpg,CUFS,CUFS:f1,Gallery Photo,200x250,False,True,1185.68,65.08,0.8,False,PASSED
f-012-01.jpg,CUFS,CUFS:f2,Gallery Photo,200x250,False,True,828.33,76.45,0.8,False,PASSED
f-013-01.jpg,CUFS,CUFS:f3,Gallery Photo,200x250,False,True,652.28,64.54,0.8,False,PASSED
f-014-01.jpg,CUFS,CUFS:f4,Gallery Photo,200x250,False,True,1025.7,58.6,0.8,False,PASSED
f-015-01.jpg,CUFS,CUFS:f5,Gallery Photo,200x250,False,True,886.07,68.98,0.8,False,PASSED
f-016-01.jpg,CUFS,CUFS:f6,Gallery Photo,200x250,False,True,346.77,48.1,0.8,False,PASSED
f-017-01.jpg,CUFS,CUFS:f7,Gallery Photo,200x250,False,True,817.78,71.17,0.8,False,PASSED
f-018-01.jpg,CUFS,CUFS:f8,Gallery Photo,200x250,False,True,873.69,71.81,0.8,False,PASSED
f-019-01.jpg,CUFS,CUFS:f9,Gallery Photo,200x250,False,True,613.93,68.05,0.8,False,PASSED
f-020-01.jpg,CUFS,CUFS:f-020,Gallery Photo,200x250,False,True,635.65,60.75,0.8,False,PASSED
f-021-01.jpg,CUFS,CUFS:f-021,Gallery Photo,200x250,False,True,500.2,72.2,0.8,False,PASSED
f-022-01.jpg,CUFS,CUFS:f-022,Gallery Photo,200x250,False,True,645.13,66.17,0.8,False,PASSED
f-023-01.jpg,CUFS,CUFS:f-023,Gallery Photo,200x250,False,True,896.44,69.35,0.8,False,PASSED
f-024-01.jpg,CUFS,CUFS:f-024,Gallery Photo,200x250,False,True,773.84,58.89,0.8,False,PASSED
f-025-01.jpg,CUFS,CUFS:f-025,Gallery Photo,200x250,False,True,134.95,59.73,0.8,False,PASSED
f-026-01.jpg,CUFS,CUFS:f-026,Gallery Photo,200x250,False,True,723.45,57.44,0.8,False,PASSED
f-027-01.jpg,CUFS,CUFS:f-027,Gallery Photo,200x250,False,True,683.48,73.32,0.8,False,PASSED
f-028-01.jpg,CUFS,CUFS:f-028,Gallery Photo,200x250,False,True,522.14,60.03,0.8,False,PASSED
f-029-01.jpg,CUFS,CUFS:f-029,Gallery Photo,200x250,False,True,452.66,60.81,0.8,False,PASSED
f-030-01.jpg,CUFS,CUFS:f-030,Gallery Photo,200x250,False,True,306.66,46.39,0.8,False,PASSED
f-031-01.jpg,CUFS,CUFS:f-031,Gallery Photo,200x250,False,True,907.54,45.68,0.8,False,PASSED
f-032-01.jpg,CUFS,CUFS:f-032,Gallery Photo,200x250,False,True,875.8,68.68,0.8,False,PASSED
f-033-01.jpg,CUFS,CUFS:f-033,Gallery Photo,200x250,False,True,579.01,71.15,0.8,False,PASSED
f-034-01.jpg,CUFS,CUFS:f-034,Gallery Photo,200x250,False,True,1178.58,76.13,0.8,False,PASSED
f-035-01.jpg,CUFS,CUFS:f-035,Gallery Photo,200x250,False,True,993.09,76.24,0.8,False,PASSED
f-036-01.jpg,CUFS,CUFS:f-036,Gallery Photo,200x250,False,True,792.65,53.67,0.8,False,PASSED
f-037-01.jpg,CUFS,CUFS:f-037,Gallery Photo,200x250,False,True,722.66,72.61,0.8,False,PASSED
f-038-01.jpg,CUFS,CUFS:f-038,Gallery Photo,200x250,False,True,1309.08,75.88,0.8,False,PASSED
f-039-01.jpg,CUFS,CUFS:f-039,Gallery Photo,200x250,False,True,895.33,73.87,0.8,False,PASSED
f-040-01.jpg,CUFS,CUFS:f-040,Gallery Photo,200x250,False,True,689.12,72.43,0.8,False,PASSED
f-041-01.jpg,CUFS,CUFS:f-041,Gallery Photo,200x250,False,True,887.75,60.12,0.8,False,PASSED
f-042-01.jpg,CUFS,CUFS:f-042,Gallery Photo,200x250,False,True,556.17,50.26,0.8,False,PASSED
f-043-01.jpg,CUFS,CUFS:f-043,Gallery Photo,200x250,False,True,421.16,49.52,0.8,False,PASSED
f1-001-01.jpg,CUFS,CUFS:f1-001,Gallery Photo,200x250,False,True,350.65,65.5,0.8,False,PASSED
f1-002-01.jpg,CUFS,CUFS:f1-002,Gallery Photo,200x250,False,True,373.9,50.17,0.8,False,PASSED
f1-003-01.jpg,CUFS,CUFS:f1-003,Gallery Photo,200x250,False,True,758.43,76.63,0.8,False,PASSED
f1-004-01.jpg,CUFS,CUFS:f1-004,Gallery Photo,200x250,False,True,491.74,71.89,0.8,False,PASSED
f1-005-01.jpg,CUFS,CUFS:f1-005,Gallery Photo,200x250,False,True,890.05,73.1,0.8,False,PASSED
f1-006-01.jpg,CUFS,CUFS:f1-006,Gallery Photo,200x250,False,True,794.13,76.27,0.8,False,PASSED
f1-007-01.jpg,CUFS,CUFS:f1-007,Gallery Photo,200x250,False,True,525.41,55.97,0.8,False,PASSED
f1-008-01.jpg,CUFS,CUFS:f1-008,Gallery Photo,200x250,False,True,758.53,76.87,0.8,False,PASSED
f1-009-01.jpg,CUFS,CUFS:f1-009,Gallery Photo,200x250,False,True,850.39,68.27,0.8,False,PASSED
f1-010-01.jpg,CUFS,CUFS:f10,Gallery Photo,200x250,False,True,643.07,66.38,0.8,False,PASSED
f1-011-01.jpg,CUFS,CUFS:f11,Gallery Photo,200x250,False,True,495.35,67.49,0.8,False,PASSED
f1-012-01.jpg,CUFS,CUFS:f12,Gallery Photo,200x250,False,True,497.44,63.44,0.8,False,PASSED
f1-013-01.jpg,CUFS,CUFS:f13,Gallery Photo,200x250,False,True,600.91,70.24,0.8,False,PASSED
f1-014-01.jpg,CUFS,CUFS:f14,Gallery Photo,200x250,False,True,206.73,60.24,0.8,False,PASSED
f1-015-01.jpg,CUFS,CUFS:f15,Gallery Photo,200x250,False,True,379.27,39.94,0.8,False,PASSED
m-008-01.jpg,CUFS,CUFS:m-008,Gallery Photo,200x250,False,True,504.21,54.8,0.8,False,PASSED
m-009-01.jpg,CUFS,CUFS:m-009,Gallery Photo,200x250,False,True,393.66,52.15,0.8,False,PASSED
m-010-01.jpg,CUFS,CUFS:m0,Gallery Photo,200x250,False,True,320.08,59.66,0.8,False,PASSED
m-011-01.jpg,CUFS,CUFS:m1,Gallery Photo,200x250,False,True,564.75,64.22,0.8,False,PASSED
m-012-01.jpg,CUFS,CUFS:m2,Gallery Photo,200x250,False,True,680.24,57.75,0.8,False,PASSED
m-013-01.jpg,CUFS,CUFS:m3,Gallery Photo,200x250,False,True,557.66,60.93,0.8,False,PASSED
m-014-01.jpg,CUFS,CUFS:m4,Gallery Photo,200x250,False,True,649.9,54.37,0.8,False,PASSED
m-015-01.jpg,CUFS,CUFS:m5,Gallery Photo,200x250,False,True,1382.41,59.41,0.8,False,PASSED
m-016-01.jpg,CUFS,CUFS:m6,Gallery Photo,200x250,False,True,449.18,70.09,0.8,False,PASSED
m-017-01.jpg,CUFS,CUFS:m7,Gallery Photo,200x250,False,True,181.78,55.97,0.8,False,PASSED
m-018-01.jpg,CUFS,CUFS:m8,Gallery Photo,200x250,False,True,500.31,52.57,0.8,False,PASSED
m-019-01.jpg,CUFS,CUFS:m9,Gallery Photo,200x250,False,True,935.16,58.26,0.8,False,PASSED
m-021-01.jpg,CUFS,CUFS:m-021,Gallery Photo,200x250,False,True,909.75,61.72,0.8,False,PASSED
m-022-01.jpg,CUFS,CUFS:m-022,Gallery Photo,200x250,False,True,583.29,58.16,0.8,False,PASSED
m-023-01.jpg,CUFS,CUFS:m-023,Gallery Photo,200x250,False,True,594.5,67.87,0.8,False,PASSED
m-024-01.jpg,CUFS,CUFS:m-024,Gallery Photo,200x250,False,True,948.41,58.6,0.8,False,PASSED
m-025-01.jpg,CUFS,CUFS:m-025,Gallery Photo,200x250,False,True,289.19,52.21,0.8,False,PASSED
m-026-01.jpg,CUFS,CUFS:m-026,Gallery Photo,200x250,False,True,810.9,62.69,0.8,False,PASSED
m-027-01.jpg,CUFS,CUFS:m-027,Gallery Photo,200x250,False,True,490.31,53.23,0.8,False,PASSED
m-028-01.jpg,CUFS,CUFS:m-028,Gallery Photo,200x250,False,True,205.4,52.87,0.8,False,PASSED
m-029-01.jpg,CUFS,CUFS:m-029,Gallery Photo,200x250,False,True,569.08,45.46,0.8,False,PASSED
m-030-01.jpg,CUFS,CUFS:m-030,Gallery Photo,200x250,False,True,803.88,60.11,0.8,False,PASSED
m-031-01.jpg,CUFS,CUFS:m-031,Gallery Photo,200x250,False,True,231.23,46.78,0.8,False,PASSED
m-032-01.jpg,CUFS,CUFS:m-032,Gallery Photo,200x250,False,True,262.92,62.3,0.8,False,PASSED
m-033-01.jpg,CUFS,CUFS:m-033,Gallery Photo,200x250,False,True,422.45,62.97,0.8,False,PASSED
m-034-01.jpg,CUFS,CUFS:m-034,Gallery Photo,200x250,False,True,686.81,60.74,0.8,False,PASSED
m-035-01.jpg,CUFS,CUFS:m-035,Gallery Photo,200x250,False,True,999.39,63.22,0.8,False,PASSED
m-036-01.jpg,CUFS,CUFS:m-036,Gallery Photo,200x250,False,True,495.17,61.79,0.8,False,PASSED
m-037-01.jpg,CUFS,CUFS:m-037,Gallery Photo,200x250,False,True,599.62,63.54,0.8,False,PASSED
m-038-01.jpg,CUFS,CUFS:m-038,Gallery Photo,200x250,False,True,2262.05,49.67,0.8,False,PASSED
m-039-01.jpg,CUFS,CUFS:m-039,Gallery Photo,200x250,False,True,273.96,48.49,0.8,False,PASSED
m-040-01.jpg,CUFS,CUFS:m-040,Gallery Photo,200x250,False,True,305.78,64.8,0.8,False,PASSED
m-041-01.jpg,CUFS,CUFS:m-041,Gallery Photo,200x250,False,True,1128.28,52.84,0.8,False,PASSED
m-042-01.jpg,CUFS,CUFS:m-042,Gallery Photo,200x250,False,True,509.0,68.62,0.8,False,PASSED
m-043-01.jpg,CUFS,CUFS:m-043,Gallery Photo,200x250,False,True,698.06,61.86,0.8,False,PASSED
m-044-01.jpg,CUFS,CUFS:m-044,Gallery Photo,200x250,False,True,508.07,63.44,0.8,False,PASSED
m-045-01.jpg,CUFS,CUFS:m-045,Gallery Photo,200x250,False,True,1150.52,62.74,0.8,False,PASSED
m-046-01.jpg,CUFS,CUFS:m-046,Gallery Photo,200x250,False,True,286.4,49.86,0.8,False,PASSED
m-047-01.jpg,CUFS,CUFS:m-047,Gallery Photo,200x250,False,True,313.59,47.79,0.8,False,PASSED
m-048-01.jpg,CUFS,CUFS:m-048,Gallery Photo,200x250,False,True,366.06,58.25,0.8,False,PASSED
m-049-01.jpg,CUFS,CUFS:m-049,Gallery Photo,200x250,False,True,304.43,61.79,0.8,False,PASSED
m-050-01.jpg,CUFS,CUFS:m-050,Gallery Photo,200x250,False,True,871.3,61.29,0.8,False,PASSED
m-051-01.jpg,CUFS,CUFS:m-051,Gallery Photo,200x250,False,True,970.09,57.94,0.8,False,PASSED
m-052-01.jpg,CUFS,CUFS:m-052,Gallery Photo,200x250,False,True,701.39,58.43,0.8,False,PASSED
m-053-01.jpg,CUFS,CUFS:m-053,Gallery Photo,200x250,False,True,399.19,52.79,0.8,False,PASSED
m-054-01.jpg,CUFS,CUFS:m-054,Gallery Photo,200x250,False,True,208.88,54.17,0.8,False,PASSED
m-055-01.jpg,CUFS,CUFS:m-055,Gallery Photo,200x250,False,True,566.94,61.98,0.8,False,PASSED
m-056-01.jpg,CUFS,CUFS:m-056,Gallery Photo,200x250,False,True,300.37,56.9,0.8,False,PASSED
m-057-01.jpg,CUFS,CUFS:m-057,Gallery Photo,200x250,False,True,361.2,70.09,0.8,False,PASSED
m-058-01.jpg,CUFS,CUFS:m-058,Gallery Photo,200x250,False,True,556.17,61.85,0.8,False,PASSED
m-059-01.jpg,CUFS,CUFS:m-059,Gallery Photo,200x250,False,True,410.61,60.52,0.8,False,PASSED
m-060-01.jpg,CUFS,CUFS:m-060,Gallery Photo,200x250,False,True,562.97,58.49,0.8,False,PASSED
m-061-01.jpg,CUFS,CUFS:m-061,Gallery Photo,200x250,False,True,615.06,54.74,0.8,False,PASSED
m-062-01.jpg,CUFS,CUFS:m-062,Gallery Photo,200x250,False,True,450.65,62.8,0.8,False,PASSED
m-063-01.jpg,CUFS,CUFS:m-063,Gallery Photo,200x250,False,True,561.0,49.21,0.8,False,PASSED
m-064-01.jpg,CUFS,CUFS:m-064,Gallery Photo,200x250,False,True,1385.35,55.52,0.8,False,PASSED
m-065-01.jpg,CUFS,CUFS:m-065,Gallery Photo,200x250,False,True,1096.71,63.22,0.8,False,PASSED
m-066-01.jpg,CUFS,CUFS:m-066,Gallery Photo,200x250,False,True,1069.4,65.7,0.8,False,PASSED
m-067-01.jpg,CUFS,CUFS:m-067,Gallery Photo,200x250,False,True,929.81,64.43,0.8,False,PASSED
m-068-01.jpg,CUFS,CUFS:m-068,Gallery Photo,200x250,False,True,580.82,70.77,0.8,False,PASSED
m-069-01.jpg,CUFS,CUFS:m-069,Gallery Photo,200x250,False,True,319.31,64.17,0.8,False,PASSED
m-070-01.jpg,CUFS,CUFS:m-070,Gallery Photo,200x250,False,True,533.6,54.62,0.8,False,PASSED
m-071-01.jpg,CUFS,CUFS:m-071,Gallery Photo,200x250,False,True,831.44,63.5,0.8,False,PASSED
m-072-01.jpg,CUFS,CUFS:m-072,Gallery Photo,200x250,False,True,701.13,68.04,0.8,False,PASSED
m-073-01.jpg,CUFS,CUFS:m-073,Gallery Photo,200x250,False,True,433.13,51.62,0.8,False,PASSED
m-074-01.jpg,CUFS,CUFS:m-074,Gallery Photo,200x250,False,True,236.32,53.33,0.8,False,PASSED
m-075-01.jpg,CUFS,CUFS:m-075,Gallery Photo,200x250,False,True,412.55,61.36,0.8,False,PASSED
m-076-01.jpg,CUFS,CUFS:m-076,Gallery Photo,200x250,False,True,309.82,58.42,0.8,False,PASSED
m-077-01.jpg,CUFS,CUFS:m-077,Gallery Photo,200x250,False,True,798.72,68.46,0.8,False,PASSED
m-078-01.jpg,CUFS,CUFS:m-078,Gallery Photo,200x250,False,True,638.7,71.39,0.8,False,PASSED
m-079-01.jpg,CUFS,CUFS:m-079,Gallery Photo,200x250,False,True,744.94,62.1,0.8,False,PASSED
m-080-01.jpg,CUFS,CUFS:m-080,Gallery Photo,200x250,False,True,925.59,71.54,0.8,False,PASSED
m-081-01.jpg,CUFS,CUFS:m-081,Gallery Photo,200x250,False,True,642.27,62.3,0.8,False,PASSED
m-082-01.jpg,CUFS,CUFS:m-082,Gallery Photo,200x250,False,True,1335.43,62.16,0.8,False,PASSED
m-083-01.jpg,CUFS,CUFS:m-083,Gallery Photo,200x250,False,True,269.65,43.76,0.8,False,PASSED
m-084-01.jpg,CUFS,CUFS:m-084,Gallery Photo,200x250,False,True,883.97,66.31,0.8,False,PASSED
m-085-01.jpg,CUFS,CUFS:m-085,Gallery Photo,200x250,False,True,913.49,62.98,0.8,False,PASSED
m-086-01.jpg,CUFS,CUFS:m-086,Gallery Photo,200x250,False,True,567.07,65.05,0.8,False,PASSED
m-087-01.jpg,CUFS,CUFS:m-087,Gallery Photo,200x250,False,True,617.99,60.98,0.8,False,PASSED
m-088-01.jpg,CUFS,CUFS:m-088,Gallery Photo,200x250,False,True,1547.77,59.82,0.8,False,PASSED
m-089-01.jpg,CUFS,CUFS:m-089,Gallery Photo,200x250,False,True,530.96,54.04,0.8,False,PASSED
m-090-01.jpg,CUFS,CUFS:m-090,Gallery Photo,200x250,False,True,360.99,63.28,0.8,False,PASSED
m-091-01.jpg,CUFS,CUFS:m-091,Gallery Photo,200x250,False,True,536.54,62.14,0.8,False,PASSED
m-092-01.jpg,CUFS,CUFS:m-092,Gallery Photo,200x250,False,True,846.78,65.87,0.8,False,PASSED
m-093-01.jpg,CUFS,CUFS:m-093,Gallery Photo,200x250,False,True,334.11,69.95,0.8,False,PASSED
m-094-01.jpg,CUFS,CUFS:m-094,Gallery Photo,200x250,False,True,323.38,56.08,0.8,False,PASSED
m-095-01.jpg,CUFS,CUFS:m-095,Gallery Photo,200x250,False,True,403.46,58.94,0.8,False,PASSED
m-096-01.jpg,CUFS,CUFS:m-096,Gallery Photo,200x250,False,True,414.98,58.45,0.8,False,PASSED
m-097-01.jpg,CUFS,CUFS:m-097,Gallery Photo,200x250,False,True,764.0,57.58,0.8,False,PASSED
m-098-01.jpg,CUFS,CUFS:m-098,Gallery Photo,200x250,False,True,498.57,62.72,0.8,False,PASSED
m-099-01.jpg,CUFS,CUFS:m-099,Gallery Photo,200x250,False,True,484.76,56.83,0.8,False,PASSED
m-100-01.jpg,CUFS,CUFS:m-100,Gallery Photo,200x250,False,True,983.6,56.78,0.8,False,PASSED
m-101-01.jpg,CUFS,CUFS:m-101,Gallery Photo,200x250,False,True,609.15,59.6,0.8,False,PASSED
m1-001-01.jpg,CUFS,CUFS:m1-001,Gallery Photo,200x250,False,True,652.0,56.38,0.8,False,PASSED
m1-002-01.jpg,CUFS,CUFS:m1-002,Gallery Photo,200x250,False,True,687.9,72.04,0.8,False,PASSED
m1-003-01.jpg,CUFS,CUFS:m1-003,Gallery Photo,200x250,False,True,507.95,55.52,0.8,False,PASSED
m1-004-01.jpg,CUFS,CUFS:m1-004,Gallery Photo,200x250,False,True,279.2,52.0,0.8,False,PASSED
m1-005-01.jpg,CUFS,CUFS:m1-005,Gallery Photo,200x250,False,True,1241.35,69.54,0.8,False,PASSED
m1-006-01.jpg,CUFS,CUFS:m1-006,Gallery Photo,200x250,False,True,547.15,69.26,0.8,False,PASSED
m1-007-01.jpg,CUFS,CUFS:m1-007,Gallery Photo,200x250,False,True,603.21,70.81,0.8,False,PASSED
m1-008-01.jpg,CUFS,CUFS:m1-008,Gallery Photo,200x250,False,True,430.91,56.16,0.8,False,PASSED
m1-009-01.jpg,CUFS,CUFS:m1-009,Gallery Photo,200x250,False,True,320.77,56.29,0.8,False,PASSED
m1-010-01.jpg,CUFS,CUFS:m10,Gallery Photo,200x250,False,True,1773.86,71.55,0.8,False,PASSED
m1-011-01.jpg,CUFS,CUFS:m11,Gallery Photo,200x250,False,True,589.56,58.82,0.8,False,PASSED
m1-012-01.jpg,CUFS,CUFS:m12,Gallery Photo,200x250,False,True,465.95,61.35,0.8,False,PASSED
m1-013-01.jpg,CUFS,CUFS:m13,Gallery Photo,200x250,False,True,1053.51,58.74,0.8,False,PASSED
m1-014-01.jpg,CUFS,CUFS:m14,Gallery Photo,200x250,False,True,505.75,64.88,0.8,False,PASSED
m1-015-01.jpg,CUFS,CUFS:m15,Gallery Photo,200x250,False,True,343.54,48.81,0.8,False,PASSED
m1-016-01.jpg,CUFS,CUFS:m16,Gallery Photo,200x250,False,True,540.47,68.44,0.8,False,PASSED
m1-017-01.jpg,CUFS,CUFS:m17,Gallery Photo,200x250,False,True,783.97,61.25,0.8,False,PASSED
m1-018-01.jpg,CUFS,CUFS:m18,Gallery Photo,200x250,False,True,462.85,59.3,0.8,False,PASSED
m1-019-01.jpg,CUFS,CUFS:m19,Gallery Photo,200x250,False,True,602.43,72.84,0.8,False,PASSED
m1-020-01.jpg,CUFS,CUFS:m1-020,Gallery Photo,200x250,False,True,687.93,71.21,0.8,False,PASSED
m1-021-01.jpg,CUFS,CUFS:m1-021,Gallery Photo,200x250,False,True,817.92,55.61,0.8,False,PASSED
m1-022-01.jpg,CUFS,CUFS:m1-022,Gallery Photo,200x250,False,True,282.78,55.82,0.8,False,PASSED
m1-023-01.jpg,CUFS,CUFS:m1-023,Gallery Photo,200x250,False,True,599.49,55.07,0.8,False,PASSED
m1-024-01.jpg,CUFS,CUFS:m1-024,Gallery Photo,200x250,False,True,262.91,48.35,0.8,False,PASSED
m1-025-01.jpg,CUFS,CUFS:m1-025,Gallery Photo,200x250,False,True,657.92,59.48,0.8,False,PASSED
m1-026-01.jpg,CUFS,CUFS:m1-026,Gallery Photo,200x250,False,True,543.99,56.69,0.8,False,PASSED
m1-027-01.jpg,CUFS,CUFS:m1-027,Gallery Photo,200x250,False,True,650.19,80.48,0.8,False,PASSED
m1-028-01.jpg,CUFS,CUFS:m1-028,Gallery Photo,200x250,False,True,167.09,40.03,0.8,False,PASSED
m1-029-01.jpg,CUFS,CUFS:m1-029,Gallery Photo,200x250,False,True,362.37,47.31,0.8,False,PASSED
m1-030-01.jpg,CUFS,CUFS:m1-030,Gallery Photo,200x250,False,True,467.56,51.29,0.8,False,PASSED
m1-031-01.jpg,CUFS,CUFS:m1-031,Gallery Photo,200x250,False,True,381.01,45.36,0.8,False,PASSED
m1-032-01.jpg,CUFS,CUFS:m1-032,Gallery Photo,200x250,False,True,406.46,51.98,0.8,False,PASSED
m1-033-01.jpg,CUFS,CUFS:m1-033,Gallery Photo,200x250,False,True,230.43,44.92,0.8,False,PASSED
m1-034-01.jpg,CUFS,CUFS:m1-034,Gallery Photo,200x250,False,True,406.3,47.32,0.8,False,PASSED
m1-035-01.jpg,CUFS,CUFS:m1-035,Gallery Photo,200x250,False,True,377.4,52.22,0.8,False,PASSED
m1-036-01.jpg,CUFS,CUFS:m1-036,Gallery Photo,200x250,False,True,271.79,44.29,0.8,False,PASSED
m1-037-01.jpg,CUFS,CUFS:m1-037,Gallery Photo,200x250,False,True,779.2,61.3,0.8,False,PASSED
m1-038-01.jpg,CUFS,CUFS:m1-038,Gallery Photo,200x250,False,True,613.93,61.64,0.8,False,PASSED
m1-039-01.jpg,CUFS,CUFS:m1-039,Gallery Photo,200x250,False,True,659.1,66.35,0.8,False,PASSED
m1-040-01.jpg,CUFS,CUFS:m1-040,Gallery Photo,200x250,False,True,486.27,60.63,0.8,False,PASSED
m1-041-01.jpg,CUFS,CUFS:m1-041,Gallery Photo,200x250,False,True,634.84,57.23,0.8,False,PASSED
F2-005-01-sz1.jpg,CUFS,CUFS:F2-005,Query Sketch,200x250,False,True,1830.99,79.08,0.8,False,PASSED
F2-006-01-sz1.jpg,CUFS,CUFS:F2-006,Query Sketch,200x250,False,True,1763.19,70.5,0.8,False,PASSED
F2-007-01-sz1.jpg,CUFS,CUFS:F2-007,Query Sketch,200x250,False,True,1140.1,64.67,0.8,False,PASSED
F2-008-01-sz1.jpg,CUFS,CUFS:F2-008,Query Sketch,200x250,False,True,1945.73,77.54,0.8,False,PASSED
F2-009-01-sz1.jpg,CUFS,CUFS:F2-009,Query Sketch,200x250,False,True,1474.6,79.19,0.8,False,PASSED
F2-010-01-sz1.jpg,CUFS,CUFS:F20,Query Sketch,200x250,False,True,1518.0,81.17,0.8,False,PASSED
F2-011-01-sz1.jpg,CUFS,CUFS:F21,Query Sketch,200x250,False,True,2364.35,62.42,0.8,False,PASSED
F2-012-01-sz1.jpg,CUFS,CUFS:F22,Query Sketch,200x250,False,True,1789.28,62.44,0.8,False,PASSED
F2-013-01-sz1.jpg,CUFS,CUFS:F23,Query Sketch,200x250,False,True,1978.18,72.82,0.8,False,PASSED
F2-014-01-sz1.jpg,CUFS,CUFS:F24,Query Sketch,200x250,False,True,1663.54,60.43,0.8,False,PASSED
F2-015-01-sz1.jpg,CUFS,CUFS:F25,Query Sketch,200x250,False,True,1939.18,75.31,0.8,False,PASSED
F2-016-01-sz1.jpg,CUFS,CUFS:F26,Query Sketch,200x250,False,True,1633.8,69.61,0.8,False,PASSED
F2-017-01-sz1.jpg,CUFS,CUFS:F27,Query Sketch,200x250,False,True,1826.58,81.33,0.8,False,PASSED
F2-018-01-sz1.jpg,CUFS,CUFS:F28,Query Sketch,200x250,False,True,2179.7,81.53,0.8,False,PASSED
F2-019-01-sz1.jpg,CUFS,CUFS:F29,Query Sketch,200x250,False,True,1585.28,72.11,0.8,False,PASSED
F2-020-01-sz1.jpg,CUFS,CUFS:F2-020,Query Sketch,200x250,False,True,1410.17,64.91,0.8,False,PASSED
F2-021-01-sz1.jpg,CUFS,CUFS:F2-021,Query Sketch,200x250,False,True,1525.65,75.2,0.8,False,PASSED
F2-022-01-sz1.jpg,CUFS,CUFS:F2-022,Query Sketch,200x250,False,True,2205.32,91.64,0.8,False,PASSED
F2-023-01-sz1.jpg,CUFS,CUFS:F2-023,Query Sketch,200x250,False,True,2235.25,72.54,0.8,False,PASSED
F2-024-01-sz1.jpg,CUFS,CUFS:F2-024,Query Sketch,200x250,False,True,1527.7,66.28,0.8,False,PASSED
F2-025-01-sz1.jpg,CUFS,CUFS:F2-025,Query Sketch,200x250,False,True,1561.17,68.31,0.8,False,PASSED
F2-026-01-sz1.jpg,CUFS,CUFS:F2-026,Query Sketch,200x250,False,True,1282.43,53.68,0.8,False,PASSED
F2-027-01-sz1.jpg,CUFS,CUFS:F2-027,Query Sketch,200x250,False,True,1702.54,79.07,0.8,False,PASSED
F2-028-01-sz1.jpg,CUFS,CUFS:F2-028,Query Sketch,200x250,False,True,1776.49,78.11,0.8,False,PASSED
F2-029-01-sz1.jpg,CUFS,CUFS:F2-029,Query Sketch,200x250,False,True,982.94,61.86,0.8,False,PASSED
F2-030-01-sz1.jpg,CUFS,CUFS:F2-030,Query Sketch,200x250,False,True,763.76,40.87,0.8,False,PASSED
F2-031-01-sz1.jpg,CUFS,CUFS:F2-031,Query Sketch,200x250,False,True,2310.24,66.53,0.8,False,PASSED
F2-032-01-sz1.jpg,CUFS,CUFS:F2-032,Query Sketch,200x250,False,True,2207.14,72.43,0.8,False,PASSED
F2-033-01-sz1.jpg,CUFS,CUFS:F2-033,Query Sketch,200x250,False,True,1234.06,66.54,0.8,False,PASSED
F2-034-01-sz1.jpg,CUFS,CUFS:F2-034,Query Sketch,200x250,False,True,2335.68,82.32,0.8,False,PASSED
F2-035-01-sz1.jpg,CUFS,CUFS:F2-035,Query Sketch,200x250,False,True,1241.13,71.72,0.8,False,PASSED
F2-036-01-sz1.jpg,CUFS,CUFS:F2-036,Query Sketch,200x250,False,True,1543.29,52.02,0.8,False,PASSED
F2-037-01-sz1.jpg,CUFS,CUFS:F2-037,Query Sketch,200x250,False,True,1129.42,68.87,0.8,False,PASSED
F2-038-01-sz1.jpg,CUFS,CUFS:F2-038,Query Sketch,200x250,False,True,2143.27,78.99,0.8,False,PASSED
M2-008-01-sz1.jpg,CUFS,CUFS:M2-008,Query Sketch,200x250,False,True,1269.71,55.17,0.8,False,PASSED
M2-009-01-sz1.jpg,CUFS,CUFS:M2-009,Query Sketch,200x250,False,True,1104.34,47.19,0.8,False,PASSED
M2-010-01-sz1.jpg,CUFS,CUFS:M20,Query Sketch,200x250,False,True,994.08,60.03,0.8,False,PASSED
M2-011-01-sz1.jpg,CUFS,CUFS:M21,Query Sketch,200x250,False,True,1217.54,66.17,0.8,False,PASSED
M2-012-01-sz1.jpg,CUFS,CUFS:M22,Query Sketch,200x250,False,True,1334.73,53.71,0.8,False,PASSED
M2-013-01-sz1.jpg,CUFS,CUFS:M23,Query Sketch,200x250,False,True,1717.73,67.73,0.8,False,PASSED
M2-014-01-sz1.jpg,CUFS,CUFS:M24,Query Sketch,200x250,False,True,1434.18,66.53,0.8,False,PASSED
M2-015-01-sz1.jpg,CUFS,CUFS:M25,Query Sketch,200x250,False,True,2267.4,69.5,0.8,False,PASSED
M2-016-01-sz1.jpg,CUFS,CUFS:M26,Query Sketch,200x250,False,True,1452.56,57.48,0.8,False,PASSED
M2-017-01-sz1.jpg,CUFS,CUFS:M27,Query Sketch,200x250,False,True,1259.68,57.98,0.8,False,PASSED
M2-018-01-sz1.jpg,CUFS,CUFS:M28,Query Sketch,200x250,False,True,1578.04,62.82,0.8,False,PASSED
M2-019-01-sz1.jpg,CUFS,CUFS:M29,Query Sketch,200x250,False,True,1816.25,59.2,0.8,False,PASSED
M2-021-01-sz1.jpg,CUFS,CUFS:M2-021,Query Sketch,200x250,False,True,2280.66,91.21,0.8,False,PASSED
M2-022-01-sz1.jpg,CUFS,CUFS:M2-022,Query Sketch,200x250,False,True,2133.55,70.21,0.8,False,PASSED
M2-023-01-sz1.jpg,CUFS,CUFS:M2-023,Query Sketch,200x250,False,True,1493.38,59.88,0.8,False,PASSED
M2-024-01-sz1.jpg,CUFS,CUFS:M2-024,Query Sketch,200x250,False,True,1975.85,67.22,0.8,False,PASSED
M2-025-01-sz1.jpg,CUFS,CUFS:M2-025,Query Sketch,200x250,False,True,2084.54,65.31,0.8,False,PASSED
M2-026-01-sz1.jpg,CUFS,CUFS:M2-026,Query Sketch,200x250,False,True,1665.9,65.98,0.8,False,PASSED
M2-027-01-sz1.jpg,CUFS,CUFS:M2-027,Query Sketch,200x250,False,True,1762.97,68.08,0.8,False,PASSED
M2-028-01-sz1.jpg,CUFS,CUFS:M2-028,Query Sketch,200x250,False,True,1406.82,55.17,0.8,False,PASSED
M2-029-01-sz1.jpg,CUFS,CUFS:M2-029,Query Sketch,200x250,False,True,1592.09,56.98,0.8,False,PASSED
M2-030-01-sz1.jpg,CUFS,CUFS:M2-030,Query Sketch,200x250,False,True,1596.01,77.91,0.8,False,PASSED
M2-031-01-sz1.jpg,CUFS,CUFS:M2-031,Query Sketch,200x250,False,True,1556.38,55.13,0.8,False,PASSED
M2-032-01-sz1.jpg,CUFS,CUFS:M2-032,Query Sketch,200x250,False,True,1865.96,71.87,0.8,False,PASSED
M2-033-01-sz1.jpg,CUFS,CUFS:M2-033,Query Sketch,200x250,False,True,2088.58,73.05,0.8,False,PASSED
M2-034-01-sz1.jpg,CUFS,CUFS:M2-034,Query Sketch,200x250,False,True,2250.91,77.7,0.8,False,PASSED
M2-035-01-sz1.jpg,CUFS,CUFS:M2-035,Query Sketch,200x250,False,True,2134.34,71.83,0.8,False,PASSED
M2-036-01-sz1.jpg,CUFS,CUFS:M2-036,Query Sketch,200x250,False,True,1631.98,58.53,0.8,False,PASSED
M2-037-01-sz1.jpg,CUFS,CUFS:M2-037,Query Sketch,200x250,False,True,1342.42,66.51,0.8,False,PASSED
M2-038-01-sz1.jpg,CUFS,CUFS:M2-038,Query Sketch,200x250,False,True,1716.03,45.15,0.8,False,PASSED
M2-039-01-sz1.jpg,CUFS,CUFS:M2-039,Query Sketch,200x250,False,True,1438.32,65.56,0.8,False,PASSED
M2-040-01-sz1.jpg,CUFS,CUFS:M2-040,Query Sketch,200x250,False,True,1459.91,62.14,0.8,False,PASSED
M2-041-01-sz1.jpg,CUFS,CUFS:M2-041,Query Sketch,200x250,False,True,1149.3,52.38,0.8,False,PASSED
M2-042-01-sz1.jpg,CUFS,CUFS:M2-042,Query Sketch,200x250,False,True,1696.88,92.96,0.8,False,PASSED
M2-043-01-sz1.jpg,CUFS,CUFS:M2-043,Query Sketch,200x250,False,True,2346.98,82.79,0.8,False,PASSED
M2-044-01-sz1.jpg,CUFS,CUFS:M2-044,Query Sketch,200x250,False,True,1628.59,79.67,0.8,False,PASSED
M2-045-01-sz1.jpg,CUFS,CUFS:M2-045,Query Sketch,200x250,False,True,1588.49,70.77,0.8,False,PASSED
M2-046-01-sz1.jpg,CUFS,CUFS:M2-046,Query Sketch,200x250,False,True,1537.44,71.84,0.8,False,PASSED
M2-047-01-sz1.jpg,CUFS,CUFS:M2-047,Query Sketch,200x250,False,True,1039.65,51.61,0.8,False,PASSED
M2-048-01-sz1.jpg,CUFS,CUFS:M2-048,Query Sketch,200x250,False,True,1216.07,63.17,0.8,False,PASSED
M2-049-01-sz1.jpg,CUFS,CUFS:M2-049,Query Sketch,200x250,False,True,1402.8,60.77,0.8,False,PASSED
M2-050-01-sz1.jpg,CUFS,CUFS:M2-050,Query Sketch,200x250,False,True,1665.2,74.69,0.8,False,PASSED
M2-051-01-sz1.jpg,CUFS,CUFS:M2-051,Query Sketch,200x250,False,True,2051.47,77.87,0.8,False,PASSED
M2-052-01-sz1.jpg,CUFS,CUFS:M2-052,Query Sketch,200x250,False,True,1590.87,70.78,0.8,False,PASSED
M2-053-01-sz1.jpg,CUFS,CUFS:M2-053,Query Sketch,200x250,False,True,981.26,49.64,0.8,False,PASSED
M2-054-01-sz1.jpg,CUFS,CUFS:M2-054,Query Sketch,200x250,False,True,1113.1,61.36,0.8,False,PASSED
M2-055-01-sz1.jpg,CUFS,CUFS:M2-055,Query Sketch,200x250,False,True,1783.13,67.3,0.8,False,PASSED
M2-056-01-sz1.jpg,CUFS,CUFS:M2-056,Query Sketch,200x250,False,True,1243.91,58.91,0.8,False,PASSED
M2-057-01-sz1.jpg,CUFS,CUFS:M2-057,Query Sketch,200x250,False,True,1119.26,51.26,0.8,False,PASSED
M2-058-01-sz1.jpg,CUFS,CUFS:M2-058,Query Sketch,200x250,False,True,2074.77,71.21,0.8,False,PASSED
M2-059-01-sz1.jpg,CUFS,CUFS:M2-059,Query Sketch,200x250,False,True,1590.07,70.9,0.8,False,PASSED
M2-060-01-sz1.jpg,CUFS,CUFS:M2-060,Query Sketch,200x250,False,True,1435.85,65.96,0.8,False,PASSED
M2-061-01-sz1.jpg,CUFS,CUFS:M2-061,Query Sketch,200x250,False,True,953.68,57.79,0.8,False,PASSED
M2-062-01-sz1.jpg,CUFS,CUFS:M2-062,Query Sketch,200x250,False,True,1509.5,56.29,0.8,False,PASSED
a-sharukh-1.jpg,CUFS,CUFS:a-sharukh,Query Sketch,213x237,False,True,5287.72,55.91,0.9,False,PASSED
a-sharukh-2.jpg,CUFS,CUFS:a-sharukh,Query Sketch,638x640,False,True,243.8,70.91,1.0,False,PASSED
f-039-01-sz1.jpg,CUFS,CUFS:f-039,Query Sketch,200x250,False,True,1111.32,74.18,0.8,False,PASSED
f-040-01-sz1.jpg,CUFS,CUFS:f-040,Query Sketch,200x250,False,True,1164.55,72.48,0.8,False,PASSED
f-041-01-sz1.jpg,CUFS,CUFS:f-041,Query Sketch,200x250,False,True,1978.11,79.79,0.8,False,PASSED
f-042-01-sz1.jpg,CUFS,CUFS:f-042,Query Sketch,200x250,False,True,1074.74,56.75,0.8,False,PASSED
f-043-01-sz1.jpg,CUFS,CUFS:f-043,Query Sketch,200x250,False,True,1082.84,55.9,0.8,False,PASSED
f1-001-01-sz1.jpg,CUFS,CUFS:f1-001,Query Sketch,200x250,False,True,1445.9,80.92,0.8,False,PASSED
f1-002-01-sz1.jpg,CUFS,CUFS:f1-002,Query Sketch,200x250,False,True,2139.63,66.53,0.8,False,PASSED
f1-003-01-sz1.jpg,CUFS,CUFS:f1-003,Query Sketch,200x250,False,True,1723.29,81.67,0.8,False,PASSED
f1-004-01-sz1.jpg,CUFS,CUFS:f1-004,Query Sketch,200x250,False,True,1533.09,79.51,0.8,False,PASSED
f1-005-01-sz1.jpg,CUFS,CUFS:f1-005,Query Sketch,200x250,False,True,1864.49,79.45,0.8,False,PASSED
f1-006-01-sz1.jpg,CUFS,CUFS:f1-006,Query Sketch,200x250,False,True,2099.47,78.81,0.8,False,PASSED
f1-007-01-sz1.jpg,CUFS,CUFS:f1-007,Query Sketch,200x250,False,True,1739.82,61.7,0.8,False,PASSED
f1-008-01-sz1.jpg,CUFS,CUFS:f1-008,Query Sketch,200x250,False,True,2052.54,71.86,0.8,False,PASSED
f1-009-01-sz1.jpg,CUFS,CUFS:f1-009,Query Sketch,200x250,False,True,1579.62,71.36,0.8,False,PASSED
f1-010-01-sz1.jpg,CUFS,CUFS:f10,Query Sketch,200x250,False,True,1873.17,75.61,0.8,False,PASSED
f1-011-01-sz1.jpg,CUFS,CUFS:f11,Query Sketch,200x250,False,True,2336.93,75.26,0.8,False,PASSED
f1-012-01-sz1.jpg,CUFS,CUFS:f12,Query Sketch,200x250,False,True,1550.58,71.63,0.8,False,PASSED
f1-013-01-sz1.jpg,CUFS,CUFS:f13,Query Sketch,200x250,False,True,2162.69,76.57,0.8,False,PASSED
f1-014-01-sz1.jpg,CUFS,CUFS:f14,Query Sketch,200x250,False,True,1365.63,92.99,0.8,False,PASSED
f1-015-01-sz1.jpg,CUFS,CUFS:f15,Query Sketch,200x250,False,True,1519.97,70.88,0.8,False,PASSED
m-063-01-sz1.jpg,CUFS,CUFS:m-063,Query Sketch,200x250,False,True,1129.89,66.26,0.8,False,PASSED
m-064-01-sz1.jpg,CUFS,CUFS:m-064,Query Sketch,200x250,False,True,1466.11,58.53,0.8,False,PASSED
m-065-01-sz1.jpg,CUFS,CUFS:m-065,Query Sketch,200x250,False,True,1882.87,88.64,0.8,False,PASSED
m-066-01-sz1.jpg,CUFS,CUFS:m-066,Query Sketch,200x250,False,True,1945.01,78.03,0.8,False,PASSED
m-067-01-sz1.jpg,CUFS,CUFS:m-067,Query Sketch,200x250,False,True,2460.1,65.27,0.8,False,PASSED
m-068-01-sz1.jpg,CUFS,CUFS:m-068,Query Sketch,200x250,False,True,2011.75,88.87,0.8,False,PASSED
m-069-01-sz1.jpg,CUFS,CUFS:m-069,Query Sketch,200x250,False,True,1683.43,64.83,0.8,False,PASSED
m-070-01-sz1.jpg,CUFS,CUFS:m-070,Query Sketch,200x250,False,True,1811.29,63.61,0.8,False,PASSED
m-071-01-sz1.jpg,CUFS,CUFS:m-071,Query Sketch,200x250,False,True,2411.51,83.97,0.8,False,PASSED
m-072-01-sz1.jpg,CUFS,CUFS:m-072,Query Sketch,200x250,False,True,2208.97,65.94,0.8,False,PASSED
m-073-01-sz1.jpg,CUFS,CUFS:m-073,Query Sketch,200x250,False,True,1917.57,66.28,0.8,False,PASSED
m-074-01-sz1.jpg,CUFS,CUFS:m-074,Query Sketch,200x250,False,True,1794.01,56.67,0.8,False,PASSED
m-075-01-sz1.jpg,CUFS,CUFS:m-075,Query Sketch,200x250,False,True,1206.89,61.48,0.8,False,PASSED
m-076-01-sz1.jpg,CUFS,CUFS:m-076,Query Sketch,200x250,False,True,1728.97,65.5,0.8,False,PASSED
m-077-01-sz1.jpg,CUFS,CUFS:m-077,Query Sketch,200x250,False,True,2126.91,72.91,0.8,False,PASSED
m-078-01-sz1.jpg,CUFS,CUFS:m-078,Query Sketch,200x250,False,True,2208.93,77.12,0.8,False,PASSED
m-079-01-sz1.jpg,CUFS,CUFS:m-079,Query Sketch,200x250,False,True,1352.17,68.81,0.8,False,PASSED
m-080-01-sz1.jpg,CUFS,CUFS:m-080,Query Sketch,200x250,False,True,2609.3,84.24,0.8,False,PASSED
m-081-01-sz1.jpg,CUFS,CUFS:m-081,Query Sketch,200x250,False,True,1944.52,76.79,0.8,False,PASSED
m-082-01-sz1.jpg,CUFS,CUFS:m-082,Query Sketch,200x250,False,True,2676.14,65.75,0.8,False,PASSED
m-083-01-sz1.jpg,CUFS,CUFS:m-083,Query Sketch,200x250,False,True,1067.78,45.67,0.8,False,PASSED
m-084-01-sz1.jpg,CUFS,CUFS:m-084,Query Sketch,200x250,False,True,1341.94,66.7,0.8,False,PASSED
m-085-01-sz1.jpg,CUFS,CUFS:m-085,Query Sketch,200x250,False,True,1756.32,66.75,0.8,False,PASSED
m-086-01-sz1.jpg,CUFS,CUFS:m-086,Query Sketch,200x250,False,True,2055.46,85.87,0.8,False,PASSED
m-087-01-sz1.jpg,CUFS,CUFS:m-087,Query Sketch,200x250,False,True,1473.82,75.28,0.8,False,PASSED
m-088-01-sz1.jpg,CUFS,CUFS:m-088,Query Sketch,200x250,False,True,1858.29,71.93,0.8,False,PASSED
m-089-01-sz1.jpg,CUFS,CUFS:m-089,Query Sketch,200x250,False,True,1376.07,67.29,0.8,False,PASSED
m-090-01-sz1.jpg,CUFS,CUFS:m-090,Query Sketch,200x250,False,True,2021.14,78.9,0.8,False,PASSED
m-091-01-sz1.jpg,CUFS,CUFS:m-091,Query Sketch,200x250,False,True,1352.6,66.57,0.8,False,PASSED
m-092-01-sz1.jpg,CUFS,CUFS:m-092,Query Sketch,200x250,False,True,1433.52,71.82,0.8,False,PASSED
m-093-01-sz1.jpg,CUFS,CUFS:m-093,Query Sketch,200x250,False,True,1399.95,74.23,0.8,False,PASSED
m-094-01-sz1.jpg,CUFS,CUFS:m-094,Query Sketch,200x250,False,True,1486.92,67.83,0.8,False,PASSED
m-095-01-sz1.jpg,CUFS,CUFS:m-095,Query Sketch,200x250,False,True,1406.51,65.5,0.8,False,PASSED
m-096-01-sz1.jpg,CUFS,CUFS:m-096,Query Sketch,200x250,False,True,1364.24,70.33,0.8,False,PASSED
m-097-01-sz1.jpg,CUFS,CUFS:m-097,Query Sketch,200x250,False,True,1553.57,80.48,0.8,False,PASSED
m-098-01-sz1.jpg,CUFS,CUFS:m-098,Query Sketch,200x250,False,True,2108.91,73.32,0.8,False,PASSED
m-099-01-sz1.jpg,CUFS,CUFS:m-099,Query Sketch,200x250,False,True,931.11,56.2,0.8,False,PASSED
m-100-01-sz1.jpg,CUFS,CUFS:m-100,Query Sketch,200x250,False,True,1404.79,66.89,0.8,False,PASSED
m-101-01-sz1.jpg,CUFS,CUFS:m-101,Query Sketch,200x250,False,True,1355.12,61.77,0.8,False,PASSED
m1-001-01-sz1.jpg,CUFS,CUFS:m1-001,Query Sketch,200x250,False,True,2197.44,74.83,0.8,False,PASSED
m1-002-01-sz1.jpg,CUFS,CUFS:m1-002,Query Sketch,200x250,False,True,2015.23,70.43,0.8,False,PASSED
m1-003-01-sz1.jpg,CUFS,CUFS:m1-003,Query Sketch,200x250,False,True,1301.34,63.92,0.8,False,PASSED
m1-004-01-sz1.jpg,CUFS,CUFS:m1-004,Query Sketch,200x250,False,True,1597.94,66.5,0.8,False,PASSED
m1-005-01-sz1.jpg,CUFS,CUFS:m1-005,Query Sketch,200x250,False,True,2249.93,71.45,0.8,False,PASSED
m1-006-01-sz1.jpg,CUFS,CUFS:m1-006,Query Sketch,200x250,False,True,2048.51,77.68,0.8,False,PASSED
m1-007-01-sz1.jpg,CUFS,CUFS:m1-007,Query Sketch,200x250,False,True,1798.04,72.52,0.8,False,PASSED
m1-008-01-sz1.jpg,CUFS,CUFS:m1-008,Query Sketch,200x250,False,True,1801.44,67.48,0.8,False,PASSED
m1-009-01-sz1.jpg,CUFS,CUFS:m1-009,Query Sketch,200x250,False,True,2636.87,73.03,0.8,False,PASSED
m1-010-01-sz1.jpg,CUFS,CUFS:m10,Query Sketch,200x250,False,True,1865.82,67.66,0.8,False,PASSED
m1-011-01-sz1.jpg,CUFS,CUFS:m11,Query Sketch,200x250,False,True,2136.83,68.52,0.8,False,PASSED
m1-012-01-sz1.jpg,CUFS,CUFS:m12,Query Sketch,200x250,False,True,1501.91,67.25,0.8,False,PASSED
m1-013-01-sz1.jpg,CUFS,CUFS:m13,Query Sketch,200x250,False,True,1557.37,61.74,0.8,False,PASSED
m1-014-01-sz1.jpg,CUFS,CUFS:m14,Query Sketch,200x250,False,True,2019.83,70.67,0.8,False,PASSED
m1-015-01-sz1.jpg,CUFS,CUFS:m15,Query Sketch,200x250,False,True,1697.55,67.69,0.8,False,PASSED
m1-016-01-sz1.jpg,CUFS,CUFS:m16,Query Sketch,200x250,False,True,2038.55,70.56,0.8,False,PASSED
m1-017-01-sz1.jpg,CUFS,CUFS:m17,Query Sketch,200x250,False,True,2894.31,78.08,0.8,False,PASSED
m1-018-01-sz1.jpg,CUFS,CUFS:m18,Query Sketch,200x250,False,True,1891.47,66.31,0.8,False,PASSED
m1-019-01-sz1.jpg,CUFS,CUFS:m19,Query Sketch,200x250,False,True,2435.09,76.95,0.8,False,PASSED
m1-020-01-sz1.jpg,CUFS,CUFS:m1-020,Query Sketch,200x250,False,True,2119.96,76.34,0.8,False,PASSED
m1-021-01-sz1.jpg,CUFS,CUFS:m1-021,Query Sketch,200x250,False,True,2696.75,83.82,0.8,False,PASSED
m1-022-01-sz1.jpg,CUFS,CUFS:m1-022,Query Sketch,200x250,False,True,2052.04,75.78,0.8,False,PASSED
m1-023-01-sz1.jpg,CUFS,CUFS:m1-023,Query Sketch,200x250,False,True,2135.21,64.43,0.8,False,PASSED
m1-024-01-sz1.jpg,CUFS,CUFS:m1-024,Query Sketch,200x250,False,True,1521.12,63.65,0.8,False,PASSED
m1-025-01-sz1.jpg,CUFS,CUFS:m1-025,Query Sketch,200x250,False,True,1721.78,71.23,0.8,False,PASSED
m1-026-01-sz1.jpg,CUFS,CUFS:m1-026,Query Sketch,200x250,False,True,2989.67,82.33,0.8,False,PASSED
m1-027-01-sz1.jpg,CUFS,CUFS:m1-027,Query Sketch,200x250,False,True,2522.85,81.58,0.8,False,PASSED
m1-028-01-sz1.jpg,CUFS,CUFS:m1-028,Query Sketch,200x250,False,True,1066.19,63.39,0.8,False,PASSED
m1-029-01-sz1.jpg,CUFS,CUFS:m1-029,Query Sketch,200x250,False,True,1614.44,75.97,0.8,False,PASSED
m1-030-01-sz1.jpg,CUFS,CUFS:m1-030,Query Sketch,200x250,False,True,1819.69,77.57,0.8,False,PASSED
m1-031-01-sz1.jpg,CUFS,CUFS:m1-031,Query Sketch,200x250,False,True,2277.83,77.94,0.8,False,PASSED
m1-032-01-sz1.jpg,CUFS,CUFS:m1-032,Query Sketch,200x250,False,True,1637.67,74.89,0.8,False,PASSED
m1-033-01-sz1.jpg,CUFS,CUFS:m1-033,Query Sketch,200x250,False,True,1813.04,71.55,0.8,False,PASSED
m1-034-01-sz1.jpg,CUFS,CUFS:m1-034,Query Sketch,200x250,False,True,1904.06,76.21,0.8,False,PASSED
m1-035-01-sz1.jpg,CUFS,CUFS:m1-035,Query Sketch,200x250,False,True,2308.46,80.27,0.8,False,PASSED
m1-036-01-sz1.jpg,CUFS,CUFS:m1-036,Query Sketch,200x250,False,True,2007.68,77.42,0.8,False,PASSED
m1-037-01-sz1.jpg,CUFS,CUFS:m1-037,Query Sketch,200x250,False,True,1645.12,67.74,0.8,False,PASSED
m1-038-01-sz1.jpg,CUFS,CUFS:m1-038,Query Sketch,200x250,False,True,1582.96,70.12,0.8,False,PASSED
m1-039-01-sz1.jpg,CUFS,CUFS:m1-039,Query Sketch,200x250,False,True,1187.27,62.64,0.8,False,PASSED
m1-040-01-sz1.jpg,CUFS,CUFS:m1-040,Query Sketch,200x250,False,True,1818.12,78.02,0.8,False,PASSED
m1-041-01-sz1.jpg,CUFS,CUFS:m1-041,Query Sketch,200x250,False,True,1247.55,70.02,0.8,False,PASSED
