filepath,filename,pid,modality,type
c:\Users\Mallikarjun Gala\OneDrive\Desktop\Third-Eye\Project Code (forensic face sketch)\Project Code (forensic face sketch)\ThirdEye v2\ml_service\dataset\gallery\a-sharukh.jpg,a-sharukh.jpg,a-sharukh,PHOTO,GALLERY
c:\Users\Mallikarjun Gala\OneDrive\Desktop\Third-Eye\Project Code (forensic face sketch)\Project Code (forensic face sketch)\ThirdEye v2\ml_service\dataset\gallery\f-005-01.jpg,f-005-01.jpg,f-005,PHOTO,GALLERY
c:\Users\Mallikarjun Gala\OneDrive\Desktop\Third-Eye\Project Code (forensic face sketch)\Project Code (forensic face sketch)\ThirdEye v2\ml_service\dataset\gallery\f-006-01.jpg,f-006-01.jpg,f-006,PHOTO,GALLERY
c:\Users\Mallikarjun Gala\OneDrive\Desktop\Third-Eye\Project Code (forensic face sketch)\Project Code (forensic face sketch)\ThirdEye v2\ml_service\dataset\gallery\f-007-01.jpg,f-007-01.jpg,f-007,PHOTO,GALLERY
c:\Users\Mallikarjun Gala\OneDrive\Desktop\Third-Eye\Project Code (forensic face sketch)\Project Code (forensic face sketch)\ThirdEye v2\ml_service\dataset\gallery\f-008-01.jpg,f-008-01.jpg,f-008,PHOTO,GALLERY
c:\Users\Mallikarjun Gala\OneDrive\Desktop\Third-Eye\Project Code (forensic face sketch)\Project Code (forensic face sketch)\ThirdEye v2\ml_service\dataset\gallery\f-009-01.jpg,f-009-01.jpg,f-009,PHOTO,GALLERY
c:\Users\Mallikarjun Gala\OneDrive\Desktop\Third-Eye\Project Code (forensic face sketch)\Project Code (forensic face sketch)\ThirdEye v2\ml_service\dataset\gallery\f-010-01.jpg,f-010-01.jpg,f0,PHOTO,GALLERY
c:\Users\Mallikarjun Gala\OneDrive\Desktop\Third-Eye\Project Code (forensic face sketch)\Project Code (forensic face sketch)\ThirdEye v2\ml_service\dataset\gallery\f-011-01.jpg,f-011-01.jpg,f1,PHOTO,GALLERY
c:\Users\Mallikarjun Gala\OneDrive\Desktop\Third-Eye\Project Code (forensic face sketch)\Project Code (forensic face sketch)\ThirdEye v2\ml_service\dataset\gallery\f-012-01.jpg,f-012-01.jpg,f2,PHOTO,GALLERY
c:\Users\Mallikarjun Gala\OneDrive\Desktop\Third-Eye\Project Code (forensic face sketch)\Project Code (forensic face sketch)\ThirdEye v2\ml_service\dataset\gallery\f-013-01.jpg,f-013-01.jpg,f3,PHOTO,GALLERY
c:\Users\Mallikarjun Gala\OneDrive\Desktop\Third-Eye\Project Code (forensic face sketch)\Project Code (forensic face sketch)\ThirdEye v2\ml_service\dataset\gallery\f-014-01.jpg,f-014-01.jpg,f4,PHOTO,GALLERY
c:\Users\Mallikarjun Gala\OneDrive\Desktop\Third-Eye\Project Code (forensic face sketch)\Project Code (forensic face sketch)\ThirdEye v2\ml_service\dataset\gallery\f-015-01.jpg,f-015-01.jpg,f5,PHOTO,GALLERY
c:\Users\Mallikarjun Gala\OneDrive\Desktop\Third-Eye\Project Code (forensic face sketch)\Project Code (forensic face sketch)\ThirdEye v2\ml_service\dataset\gallery\f-016-01.jpg,f-016-01.jpg,f6,PHOTO,GALLERY
c:\Users\Mallikarjun Gala\OneDrive\Desktop\Third-Eye\Project Code (forensic face sketch)\Project Code (forensic face sketch)\ThirdEye v2\ml_service\dataset\gallery\f-017-01.jpg,f-017-01.jpg,f7,PHOTO,GALLERY
c:\Users\Mallikarjun Gala\OneDrive\Desktop\Third-Eye\Project Code (forensic face sketch)\Project Code (forensic face sketch)\ThirdEye v2\ml_service\dataset\gallery\f-018-01.jpg,f-018-01.jpg,f8,PHOTO,GALLERY
c:\Users\Mallikarjun Gala\OneDrive\Desktop\Third-Eye\Project Code (forensic face sketch)\Project Code (forensic face sketch)\ThirdEye v2\ml_service\dataset\gallery\f-019-01.jpg,f-019-01.jpg,f9,PHOTO,GALLERY
c:\Users\Mallikarjun Gala\OneDrive\Desktop\Third-Eye\Project Code (forensic face sketch)\Project Code (forensic face sketch)\ThirdEye v2\ml_service\dataset\gallery\f-020-01.jpg,f-020-01.jpg,f-020,PHOTO,GALLERY
c:\Users\Mallikarjun Gala\OneDrive\Desktop\Third-Eye\Project Code (forensic face sketch)\Project Code (forensic face sketch)\ThirdEye v2\ml_service\dataset\gallery\f-021-01.jpg,f-021-01.jpg,f-021,PHOTO,GALLERY
c:\Users\Mallikarjun Gala\OneDrive\Desktop\Third-Eye\Project Code (forensic face sketch)\Project Code (forensic face sketch)\ThirdEye v2\ml_service\dataset\gallery\f-022-01.jpg,f-022-01.jpg,f-022,PHOTO,GALLERY
c:\Users\Mallikarjun Gala\OneDrive\Desktop\Third-Eye\Project Code (forensic face sketch)\Project Code (forensic face sketch)\ThirdEye v2\ml_service\dataset\gallery\f-023-01.jpg,f-023-01.jpg,f-023,PHOTO,GALLERY
c:\Users\Mallikarjun Gala\OneDrive\Desktop\Third-Eye\Project Code (forensic face sketch)\Project Code (forensic face sketch)\ThirdEye v2\ml_service\dataset\gallery\f-024-01.jpg,f-024-01.jpg,f-024,PHOTO,GALLERY
c:\Users\Mallikarjun Gala\OneDrive\Desktop\Third-Eye\Project Code (forensic face sketch)\Project Code (forensic face sketch)\ThirdEye v2\ml_service\dataset\gallery\f-025-01.jpg,f-025-01.jpg,f-025,PHOTO,GALLERY
c:\Users\Mallikarjun Gala\OneDrive\Desktop\Third-Eye\Project Code (forensic face sketch)\Project Code (forensic face sketch)\ThirdEye v2\ml_service\dataset\gallery\f-026-01.jpg,f-026-01.jpg,f-026,PHOTO,GALLERY
c:\Users\Mallikarjun Gala\OneDrive\Desktop\Third-Eye\Project Code (forensic face sketch)\Project Code (forensic face sketch)\ThirdEye v2\ml_service\dataset\gallery\f-027-01.jpg,f-027-01.jpg,f-027,PHOTO,GALLERY
c:\Users\Mallikarjun Gala\OneDrive\Desktop\Third-Eye\Project Code (forensic face sketch)\Project Code (forensic face sketch)\ThirdEye v2\ml_service\dataset\gallery\f-028-01.jpg,f-028-01.jpg,f-028,PHOTO,GALLERY
c:\Users\Mallikarjun Gala\OneDrive\Desktop\Third-Eye\Project Code (forensic face sketch)\Project Code (forensic face sketch)\ThirdEye v2\ml_service\dataset\gallery\f-029-01.jpg,f-029-01.jpg,f-029,PHOTO,GALLERY
c:\Users\Mallikarjun Gala\OneDrive\Desktop\Third-Eye\Project Code (forensic face sketch)\Project Code (forensic face sketch)\ThirdEye v2\ml_service\dataset\gallery\f-030-01.jpg,f-030-01.jpg,f-030,PHOTO,GALLERY
c:\Users\Mallikarjun Gala\OneDrive\Desktop\Third-Eye\Project Code (forensic face sketch)\Project Code (forensic face sketch)\ThirdEye v2\ml_service\dataset\gallery\f-031-01.jpg,f-031-01.jpg,f-031,PHOTO,GALLERY
c:\Users\Mallikarjun Gala\OneDrive\Desktop\Third-Eye\Project Code (forensic face sketch)\Project Code (forensic face sketch)\ThirdEye v2\ml_service\dataset\gallery\f-032-01.jpg,f-032-01.jpg,f-032,PHOTO,GALLERY
c:\Users\Mallikarjun Gala\OneDrive\Desktop\Third-Eye\Project Code (forensic face sketch)\Project Code (forensic face sketch)\ThirdEye v2\ml_service\dataset\gallery\f-033-01.jpg,f-033-01.jpg,f-033,PHOTO,GALLERY
c:\Users\Mallikarjun Gala\OneDrive\Desktop\Third-Eye\Project Code (forensic face sketch)\Project Code (forensic face sketch)\ThirdEye v2\ml_service\dataset\gallery\f-034-01.jpg,f-034-01.jpg,f-034,PHOTO,GALLERY
c:\Users\Mallikarjun Gala\OneDrive\Desktop\Third-Eye\Project Code (forensic face sketch)\Project Code (forensic face sketch)\ThirdEye v2\ml_service\dataset\gallery\f-035-01.jpg,f-035-01.jpg,f-035,PHOTO,GALLERY
c:\Users\Mallikarjun Gala\OneDrive\Desktop\Third-Eye\Project Code (forensic face sketch)\Project Code (forensic face sketch)\ThirdEye v2\ml_service\dataset\gallery\f-036-01.jpg,f-036-01.jpg,f-036,PHOTO,GALLERY
c:\Users\Mallikarjun Gala\OneDrive\Desktop\Third-Eye\Project Code (forensic face sketch)\Project Code (forensic face sketch)\ThirdEye v2\ml_service\dataset\gallery\f-037-01.jpg,f-037-01.jpg,f-037,PHOTO,GALLERY
c:\Users\Mallikarjun Gala\OneDrive\Desktop\Third-Eye\Project Code (forensic face sketch)\Project Code (forensic face sketch)\ThirdEye v2\ml_service\dataset\gallery\f-038-01.jpg,f-038-01.jpg,f-038,PHOTO,GALLERY
c:\Users\Mallikarjun Gala\OneDrive\Desktop\Third-Eye\Project Code (forensic face sketch)\Project Code (forensic face sketch)\ThirdEye v2\ml_service\dataset\gallery\f-039-01.jpg,f-039-01.jpg,f-039,PHOTO,GALLERY
c:\Users\Mallikarjun Gala\OneDrive\Desktop\Third-Eye\Project Code (forensic face sketch)\Project Code (forensic face sketch)\ThirdEye v2\ml_service\dataset\gallery\f-040-01.jpg,f-040-01.jpg,f-040,PHOTO,GALLERY
c:\Users\Mallikarjun Gala\OneDrive\Desktop\Third-Eye\Project Code (forensic face sketch)\Project Code (forensic face sketch)\ThirdEye v2\ml_service\dataset\gallery\f-041-01.jpg,f-041-01.jpg,f-041,PHOTO,GALLERY
c:\Users\Mallikarjun Gala\OneDrive\Desktop\Third-Eye\Project Code (forensic face sketch)\Project Code (forensic face sketch)\ThirdEye v2\ml_service\dataset\gallery\f-042-01.jpg,f-042-01.jpg,f-042,PHOTO,GALLERY
c:\Users\Mallikarjun Gala\OneDrive\Desktop\Third-Eye\Project Code (forensic face sketch)\Project Code (forensic face sketch)\ThirdEye v2\ml_service\dataset\gallery\f-043-01.jpg,f-043-01.jpg,f-043,PHOTO,GALLERY
c:\Users\Mallikarjun Gala\OneDrive\Desktop\Third-Eye\Project Code (forensic face sketch)\Project Code (forensic face sketch)\ThirdEye v2\ml_service\dataset\gallery\f1-001-01.jpg,f1-001-01.jpg,f1-001,PHOTO,GALLERY
c:\Users\Mallikarjun Gala\OneDrive\Desktop\Third-Eye\Project Code (forensic face sketch)\Project Code (forensic face sketch)\ThirdEye v2\ml_service\dataset\gallery\f1-002-01.jpg,f1-002-01.jpg,f1-002,PHOTO,GALLERY
c:\Users\Mallikarjun Gala\OneDrive\Desktop\Third-Eye\Project Code (forensic face sketch)\Project Code (forensic face sketch)\ThirdEye v2\ml_service\dataset\gallery\f1-003-01.jpg,f1-003-01.jpg,f1-003,PHOTO,GALLERY
c:\Users\Mallikarjun Gala\OneDrive\Desktop\Third-Eye\Project Code (forensic face sketch)\Project Code (forensic face sketch)\ThirdEye v2\ml_service\dataset\gallery\f1-004-01.jpg,f1-004-01.jpg,f1-004,PHOTO,GALLERY
c:\Users\Mallikarjun Gala\OneDrive\Desktop\Third-Eye\Project Code (forensic face sketch)\Project Code (forensic face sketch)\ThirdEye v2\ml_service\dataset\gallery\f1-005-01.jpg,f1-005-01.jpg,f1-005,PHOTO,GALLERY
c:\Users\Mallikarjun Gala\OneDrive\Desktop\Third-Eye\Project Code (forensic face sketch)\Project Code (forensic face sketch)\ThirdEye v2\ml_service\dataset\gallery\f1-006-01.jpg,f1-006-01.jpg,f1-006,PHOTO,GALLERY
c:\Users\Mallikarjun Gala\OneDrive\Desktop\Third-Eye\Project Code (forensic face sketch)\Project Code (forensic face sketch)\ThirdEye v2\ml_service\dataset\gallery\f1-007-01.jpg,f1-007-01.jpg,f1-007,PHOTO,GALLERY
c:\Users\Mallikarjun Gala\OneDrive\Desktop\Third-Eye\Project Code (forensic face sketch)\Project Code (forensic face sketch)\ThirdEye v2\ml_service\dataset\gallery\f1-008-01.jpg,f1-008-01.jpg,f1-008,PHOTO,GALLERY
c:\Users\Mallikarjun Gala\OneDrive\Desktop\Third-Eye\Project Code (forensic face sketch)\Project Code (forensic face sketch)\ThirdEye v2\ml_service\dataset\gallery\f1-009-01.jpg,f1-009-01.jpg,f1-009,PHOTO,GALLERY
c:\Users\Mallikarjun Gala\OneDrive\Desktop\Third-Eye\Project Code (forensic face sketch)\Project Code (forensic face sketch)\ThirdEye v2\ml_service\dataset\gallery\f1-010-01.jpg,f1-010-01.jpg,f10,PHOTO,GALLERY
c:\Users\Mallikarjun Gala\OneDrive\Desktop\Third-Eye\Project Code (forensic face sketch)\Project Code (forensic face sketch)\ThirdEye v2\ml_service\dataset\gallery\f1-011-01.jpg,f1-011-01.jpg,f11,PHOTO,GALLERY
c:\Users\Mallikarjun Gala\OneDrive\Desktop\Third-Eye\Project Code (forensic face sketch)\Project Code (forensic face sketch)\ThirdEye v2\ml_service\dataset\gallery\f1-012-01.jpg,f1-012-01.jpg,f12,PHOTO,GALLERY
c:\Users\Mallikarjun Gala\OneDrive\Desktop\Third-Eye\Project Code (forensic face sketch)\Project Code (forensic face sketch)\ThirdEye v2\ml_service\dataset\gallery\f1-013-01.jpg,f1-013-01.jpg,f13,PHOTO,GALLERY
c:\Users\Mallikarjun Gala\OneDrive\Desktop\Third-Eye\Project Code (forensic face sketch)\Project Code (forensic face sketch)\ThirdEye v2\ml_service\dataset\gallery\f1-014-01.jpg,f1-014-01.jpg,f14,PHOTO,GALLERY
c:\Users\Mallikarjun Gala\OneDrive\Desktop\Third-Eye\Project Code (forensic face sketch)\Project Code (forensic face sketch)\ThirdEye v2\ml_service\dataset\gallery\f1-015-01.jpg,f1-015-01.jpg,f15,PHOTO,GALLERY
c:\Users\Mallikarjun Gala\OneDrive\Desktop\Third-Eye\Project Code (forensic face sketch)\Project Code (forensic face sketch)\ThirdEye v2\ml_service\dataset\gallery\m-008-01.jpg,m-008-01.jpg,m-008,PHOTO,GALLERY
c:\Users\Mallikarjun Gala\OneDrive\Desktop\Third-Eye\Project Code (forensic face sketch)\Project Code (forensic face sketch)\ThirdEye v2\ml_service\dataset\gallery\m-009-01.jpg,m-009-01.jpg,m-009,PHOTO,GALLERY
c:\Users\Mallikarjun Gala\OneDrive\Desktop\Third-Eye\Project Code (forensic face sketch)\Project Code (forensic face sketch)\ThirdEye v2\ml_service\dataset\gallery\m-010-01.jpg,m-010-01.jpg,m0,PHOTO,GALLERY
c:\Users\Mallikarjun Gala\OneDrive\Desktop\Third-Eye\Project Code (forensic face sketch)\Project Code (forensic face sketch)\ThirdEye v2\ml_service\dataset\gallery\m-011-01.jpg,m-011-01.jpg,m1,PHOTO,GALLERY
c:\Users\Mallikarjun Gala\OneDrive\Desktop\Third-Eye\Project Code (forensic face sketch)\Project Code (forensic face sketch)\ThirdEye v2\ml_service\dataset\gallery\m-012-01.jpg,m-012-01.jpg,m2,PHOTO,GALLERY
c:\Users\Mallikarjun Gala\OneDrive\Desktop\Third-Eye\Project Code (forensic face sketch)\Project Code (forensic face sketch)\ThirdEye v2\ml_service\dataset\gallery\m-013-01.jpg,m-013-01.jpg,m3,PHOTO,GALLERY
c:\Users\Mallikarjun Gala\OneDrive\Desktop\Third-Eye\Project Code (forensic face sketch)\Project Code (forensic face sketch)\ThirdEye v2\ml_service\dataset\gallery\m-014-01.jpg,m-014-01.jpg,m4,PHOTO,GALLERY
c:\Users\Mallikarjun Gala\OneDrive\Desktop\Third-Eye\Project Code (forensic face sketch)\Project Code (forensic face sketch)\ThirdEye v2\ml_service\dataset\gallery\m-015-01.jpg,m-015-01.jpg,m5,PHOTO,GALLERY
c:\Users\Mallikarjun Gala\OneDrive\Desktop\Third-Eye\Project Code (forensic face sketch)\Project Code (forensic face sketch)\ThirdEye v2\ml_service\dataset\gallery\m-016-01.jpg,m-016-01.jpg,m6,PHOTO,GALLERY
c:\Users\Mallikarjun Gala\OneDrive\Desktop\Third-Eye\Project Code (forensic face sketch)\Project Code (forensic face sketch)\ThirdEye v2\ml_service\dataset\gallery\m-017-01.jpg,m-017-01.jpg,m7,PHOTO,GALLERY
c:\Users\Mallikarjun Gala\OneDrive\Desktop\Third-Eye\Project Code (forensic face sketch)\Project Code (forensic face sketch)\ThirdEye v2\ml_service\dataset\gallery\m-018-01.jpg,m-018-01.jpg,m8,PHOTO,GALLERY
c:\Users\Mallikarjun Gala\OneDrive\Desktop\Third-Eye\Project Code (forensic face sketch)\Project Code (forensic face sketch)\ThirdEye v2\ml_service\dataset\gallery\m-019-01.jpg,m-019-01.jpg,m9,PHOTO,GALLERY
c:\Users\Mallikarjun Gala\OneDrive\Desktop\Third-Eye\Project Code (forensic face sketch)\Project Code (forensic face sketch)\ThirdEye v2\ml_service\dataset\gallery\m-021-01.jpg,m-021-01.jpg,m-021,PHOTO,GALLERY
c:\Users\Mallikarjun Gala\OneDrive\Desktop\Third-Eye\Project Code (forensic face sketch)\Project Code (forensic face sketch)\ThirdEye v2\ml_service\dataset\gallery\m-022-01.jpg,m-022-01.jpg,m-022,PHOTO,GALLERY
c:\Users\Mallikarjun Gala\OneDrive\Desktop\Third-Eye\Project Code (forensic face sketch)\Project Code (forensic face sketch)\ThirdEye v2\ml_service\dataset\gallery\m-023-01.jpg,m-023-01.jpg,m-023,PHOTO,GALLERY
c:\Users\Mallikarjun Gala\OneDrive\Desktop\Third-Eye\Project Code (forensic face sketch)\Project Code (forensic face sketch)\ThirdEye v2\ml_service\dataset\gallery\m-024-01.jpg,m-024-01.jpg,m-024,PHOTO,GALLERY
c:\Users\Mallikarjun Gala\OneDrive\Desktop\Third-Eye\Project Code (forensic face sketch)\Project Code (forensic face sketch)\ThirdEye v2\ml_service\dataset\gallery\m-025-01.jpg,m-025-01.jpg,m-025,PHOTO,GALLERY
c:\Users\Mallikarjun Gala\OneDrive\Desktop\Third-Eye\Project Code (forensic face sketch)\Project Code (forensic face sketch)\ThirdEye v2\ml_service\dataset\gallery\m-026-01.jpg,m-026-01.jpg,m-026,PHOTO,GALLERY
c:\Users\Mallikarjun Gala\OneDrive\Desktop\Third-Eye\Project Code (forensic face sketch)\Project Code (forensic face sketch)\ThirdEye v2\ml_service\dataset\gallery\m-027-01.jpg,m-027-01.jpg,m-027,PHOTO,GALLERY
c:\Users\Mallikarjun Gala\OneDrive\Desktop\Third-Eye\Project Code (forensic face sketch)\Project Code (forensic face sketch)\ThirdEye v2\ml_service\dataset\gallery\m-028-01.jpg,m-028-01.jpg,m-028,PHOTO,GALLERY
c:\Users\Mallikarjun Gala\OneDrive\Desktop\Third-Eye\Project Code (forensic face sketch)\Project Code (forensic face sketch)\ThirdEye v2\ml_service\dataset\gallery\m-029-01.jpg,m-029-01.jpg,m-029,PHOTO,GALLERY
c:\Users\Mallikarjun Gala\OneDrive\Desktop\Third-Eye\Project Code (forensic face sketch)\Project Code (forensic face sketch)\ThirdEye v2\ml_service\dataset\gallery\m-030-01.jpg,m-030-01.jpg,m-030,PHOTO,GALLERY
c:\Users\Mallikarjun Gala\OneDrive\Desktop\Third-Eye\Project Code (forensic face sketch)\Project Code (forensic face sketch)\ThirdEye v2\ml_service\dataset\gallery\m-031-01.jpg,m-031-01.jpg,m-031,PHOTO,GALLERY
c:\Users\Mallikarjun Gala\OneDrive\Desktop\Third-Eye\Project Code (forensic face sketch)\Project Code (forensic face sketch)\ThirdEye v2\ml_service\dataset\gallery\m-032-01.jpg,m-032-01.jpg,m-032,PHOTO,GALLERY
c:\Users\Mallikarjun Gala\OneDrive\Desktop\Third-Eye\Project Code (forensic face sketch)\Project Code (forensic face sketch)\ThirdEye v2\ml_service\dataset\gallery\m-033-01.jpg,m-033-01.jpg,m-033,PHOTO,GALLERY
c:\Users\Mallikarjun Gala\OneDrive\Desktop\Third-Eye\Project Code (forensic face sketch)\Project Code (forensic face sketch)\ThirdEye v2\ml_service\dataset\gallery\m-034-01.jpg,m-034-01.jpg,m-034,PHOTO,GALLERY
c:\Users\Mallikarjun Gala\OneDrive\Desktop\Third-Eye\Project Code (forensic face sketch)\Project Code (forensic face sketch)\ThirdEye v2\ml_service\dataset\gallery\m-035-01.jpg,m-035-01.jpg,m-035,PHOTO,GALLERY
c:\Users\Mallikarjun Gala\OneDrive\Desktop\Third-Eye\Project Code (forensic face sketch)\Project Code (forensic face sketch)\ThirdEye v2\ml_service\dataset\gallery\m-036-01.jpg,m-036-01.jpg,m-036,PHOTO,GALLERY
c:\Users\Mallikarjun Gala\OneDrive\Desktop\Third-Eye\Project Code (forensic face sketch)\Project Code (forensic face sketch)\ThirdEye v2\ml_service\dataset\gallery\m-037-01.jpg,m-037-01.jpg,m-037,PHOTO,GALLERY
c:\Users\Mallikarjun Gala\OneDrive\Desktop\Third-Eye\Project Code (forensic face sketch)\Project Code (forensic face sketch)\ThirdEye v2\ml_service\dataset\gallery\m-038-01.jpg,m-038-01.jpg,m-038,PHOTO,GALLERY
c:\Users\Mallikarjun Gala\OneDrive\Desktop\Third-Eye\Project Code (forensic face sketch)\Project Code (forensic face sketch)\ThirdEye v2\ml_service\dataset\gallery\m-039-01.jpg,m-039-01.jpg,m-039,PHOTO,GALLERY
c:\Users\Mallikarjun Gala\OneDrive\Desktop\Third-Eye\Project Code (forensic face sketch)\Project Code (forensic face sketch)\ThirdEye v2\ml_service\dataset\gallery\m-040-01.jpg,m-040-01.jpg,m-040,PHOTO,GALLERY
c:\Users\Mallikarjun Gala\OneDrive\Desktop\Third-Eye\Project Code (forensic face sketch)\Project Code (forensic face sketch)\ThirdEye v2\ml_service\dataset\gallery\m-041-01.jpg,m-041-01.jpg,m-041,PHOTO,GALLERY
c:\Users\Mallikarjun Gala\OneDrive\Desktop\Third-Eye\Project Code (forensic face sketch)\Project Code (forensic face sketch)\ThirdEye v2\ml_service\dataset\gallery\m-042-01.jpg,m-042-01.jpg,m-042,PHOTO,GALLERY
c:\Users\Mallikarjun Gala\OneDrive\Desktop\Third-Eye\Project Code (forensic face sketch)\Project Code (forensic face sketch)\ThirdEye v2\ml_service\dataset\gallery\m-043-01.jpg,m-043-01.jpg,m-043,PHOTO,GALLERY
c:\Users\Mallikarjun Gala\OneDrive\Desktop\Third-Eye\Project Code (forensic face sketch)\Project Code (forensic face sketch)\ThirdEye v2\ml_service\dataset\gallery\m-044-01.jpg,m-044-01.jpg,m-044,PHOTO,GALLERY
c:\Users\Mallikarjun Gala\OneDrive\Desktop\Third-Eye\Project Code (forensic face sketch)\Project Code (forensic face sketch)\ThirdEye v2\ml_service\dataset\gallery\m-045-01.jpg,m-045-01.jpg,m-045,PHOTO,GALLERY
c:\Users\Mallikarjun Gala\OneDrive\Desktop\Third-Eye\Project Code (forensic face sketch)\Project Code (forensic face sketch)\ThirdEye v2\ml_service\dataset\gallery\m-046-01.jpg,m-046-01.jpg,m-046,PHOTO,GALLERY
c:\Users\Mallikarjun Gala\OneDrive\Desktop\Third-Eye\Project Code (forensic face sketch)\Project Code (forensic face sketch)\ThirdEye v2\ml_service\dataset\gallery\m-047-01.jpg,m-047-01.jpg,m-047,PHOTO,GALLERY
c:\Users\Mallikarjun Gala\OneDrive\Desktop\Third-Eye\Project Code (forensic face sketch)\Project Code (forensic face sketch)\ThirdEye v2\ml_service\dataset\gallery\m-048-01.jpg,m-048-01.jpg,m-048,PHOTO,GALLERY
c:\Users\Mallikarjun Gala\OneDrive\Desktop\Third-Eye\Project Code (forensic face sketch)\Project Code (forensic face sketch)\ThirdEye v2\ml_service\dataset\gallery\m-049-01.jpg,m-049-01.jpg,m-049,PHOTO,GALLERY
c:\Users\Mallikarjun Gala\OneDrive\Desktop\Third-Eye\Project Code (forensic face sketch)\Project Code (forensic face sketch)\ThirdEye v2\ml_service\dataset\gallery\m-050-01.jpg,m-050-01.jpg,m-050,PHOTO,GALLERY
c:\Users\Mallikarjun Gala\OneDrive\Desktop\Third-Eye\Project Code (forensic face sketch)\Project Code (forensic face sketch)\ThirdEye v2\ml_service\dataset\gallery\m-051-01.jpg,m-051-01.jpg,m-051,PHOTO,GALLERY
c:\Users\Mallikarjun Gala\OneDrive\Desktop\Third-Eye\Project Code (forensic face sketch)\Project Code (forensic face sketch)\ThirdEye v2\ml_service\dataset\gallery\m-052-01.jpg,m-052-01.jpg,m-052,PHOTO,GALLERY
c:\Users\Mallikarjun Gala\OneDrive\Desktop\Third-Eye\Project Code (forensic face sketch)\Project Code (forensic face sketch)\ThirdEye v2\ml_service\dataset\gallery\m-053-01.jpg,m-053-01.jpg,m-053,PHOTO,GALLERY
c:\Users\Mallikarjun Gala\OneDrive\Desktop\Third-Eye\Project Code (forensic face sketch)\Project Code (forensic face sketch)\ThirdEye v2\ml_service\dataset\gallery\m-054-01.jpg,m-054-01.jpg,m-054,PHOTO,GALLERY
c:\Users\Mallikarjun Gala\OneDrive\Desktop\Third-Eye\Project Code (forensic face sketch)\Project Code (forensic face sketch)\ThirdEye v2\ml_service\dataset\gallery\m-055-01.jpg,m-055-01.jpg,m-055,PHOTO,GALLERY
c:\Users\Mallikarjun Gala\OneDrive\Desktop\Third-Eye\Project Code (forensic face sketch)\Project Code (forensic face sketch)\ThirdEye v2\ml_service\dataset\gallery\m-056-01.jpg,m-056-01.jpg,m-056,PHOTO,GALLERY
c:\Users\Mallikarjun Gala\OneDrive\Desktop\Third-Eye\Project Code (forensic face sketch)\Project Code (forensic face sketch)\ThirdEye v2\ml_service\dataset\gallery\m-057-01.jpg,m-057-01.jpg,m-057,PHOTO,GALLERY
c:\Users\Mallikarjun Gala\OneDrive\Desktop\Third-Eye\Project Code (forensic face sketch)\Project Code (forensic face sketch)\ThirdEye v2\ml_service\dataset\gallery\m-058-01.jpg,m-058-01.jpg,m-058,PHOTO,GALLERY
c:\Users\Mallikarjun Gala\OneDrive\Desktop\Third-Eye\Project Code (forensic face sketch)\Project Code (forensic face sketch)\ThirdEye v2\ml_service\dataset\gallery\m-059-01.jpg,m-059-01.jpg,m-059,PHOTO,GALLERY
c:\Users\Mallikarjun Gala\OneDrive\Desktop\Third-Eye\Project Code (forensic face sketch)\Project Code (forensic face sketch)\ThirdEye v2\ml_service\dataset\gallery\m-060-01.jpg,m-060-01.jpg,m-060,PHOTO,GALLERY
c:\Users\Mallikarjun Gala\OneDrive\Desktop\Third-Eye\Project Code (forensic face sketch)\Project Code (forensic face sketch)\ThirdEye v2\ml_service\dataset\gallery\m-061-01.jpg,m-061-01.jpg,m-061,PHOTO,GALLERY
c:\Users\Mallikarjun Gala\OneDrive\Desktop\Third-Eye\Project Code (forensic face sketch)\Project Code (forensic face sketch)\ThirdEye v2\ml_service\dataset\gallery\m-062-01.jpg,m-062-01.jpg,m-062,PHOTO,GALLERY
c:\Users\Mallikarjun Gala\OneDrive\Desktop\Third-Eye\Project Code (forensic face sketch)\Project Code (forensic face sketch)\ThirdEye v2\ml_service\dataset\gallery\m-063-01.jpg,m-063-01.jpg,m-063,PHOTO,GALLERY
c:\Users\Mallikarjun Gala\OneDrive\Desktop\Third-Eye\Project Code (forensic face sketch)\Project Code (forensic face sketch)\ThirdEye v2\ml_service\dataset\gallery\m-064-01.jpg,m-064-01.jpg,m-064,PHOTO,GALLERY
c:\Users\Mallikarjun Gala\OneDrive\Desktop\Third-Eye\Project Code (forensic face sketch)\Project Code (forensic face sketch)\ThirdEye v2\ml_service\dataset\gallery\m-065-01.jpg,m-065-01.jpg,m-065,PHOTO,GALLERY
c:\Users\Mallikarjun Gala\OneDrive\Desktop\Third-Eye\Project Code (forensic face sketch)\Project Code (forensic face sketch)\ThirdEye v2\ml_service\dataset\gallery\m-066-01.jpg,m-066-01.jpg,m-066,PHOTO,GALLERY
c:\Users\Mallikarjun Gala\OneDrive\Desktop\Third-Eye\Project Code (forensic face sketch)\Project Code (forensic face sketch)\ThirdEye v2\ml_service\dataset\gallery\m-067-01.jpg,m-067-01.jpg,m-067,PHOTO,GALLERY
c:\Users\Mallikarjun Gala\OneDrive\Desktop\Third-Eye\Project Code (forensic face sketch)\Project Code (forensic face sketch)\ThirdEye v2\ml_service\dataset\gallery\m-068-01.jpg,m-068-01.jpg,m-068,PHOTO,GALLERY
c:\Users\Mallikarjun Gala\OneDrive\Desktop\Third-Eye\Project Code (forensic face sketch)\Project Code (forensic face sketch)\ThirdEye v2\ml_service\dataset\gallery\m-069-01.jpg,m-069-01.jpg,m-069,PHOTO,GALLERY
c:\Users\Mallikarjun Gala\OneDrive\Desktop\Third-Eye\Project Code (forensic face sketch)\Project Code (forensic face sketch)\ThirdEye v2\ml_service\dataset\gallery\m-070-01.jpg,m-070-01.jpg,m-070,PHOTO,GALLERY
c:\Users\Mallikarjun Gala\OneDrive\Desktop\Third-Eye\Project Code (forensic face sketch)\Project Code (forensic face sketch)\ThirdEye v2\ml_service\dataset\gallery\m-071-01.jpg,m-071-01.jpg,m-071,PHOTO,GALLERY
c:\Users\Mallikarjun Gala\OneDrive\Desktop\Third-Eye\Project Code (forensic face sketch)\Project Code (forensic face sketch)\ThirdEye v2\ml_service\dataset\gallery\m-072-01.jpg,m-072-01.jpg,m-072,PHOTO,GALLERY
c:\Users\Mallikarjun Gala\OneDrive\Desktop\Third-Eye\Project Code (forensic face sketch)\Project Code (forensic face sketch)\ThirdEye v2\ml_service\dataset\gallery\m-073-01.jpg,m-073-01.jpg,m-073,PHOTO,GALLERY
c:\Users\Mallikarjun Gala\OneDrive\Desktop\Third-Eye\Project Code (forensic face sketch)\Project Code (forensic face sketch)\ThirdEye v2\ml_service\dataset\gallery\m-074-01.jpg,m-074-01.jpg,m-074,PHOTO,GALLERY
c:\Users\Mallikarjun Gala\OneDrive\Desktop\Third-Eye\Project Code (forensic face sketch)\Project Code (forensic face sketch)\ThirdEye v2\ml_service\dataset\gallery\m-075-01.jpg,m-075-01.jpg,m-075,PHOTO,GALLERY
c:\Users\Mallikarjun Gala\OneDrive\Desktop\Third-Eye\Project Code (forensic face sketch)\Project Code (forensic face sketch)\ThirdEye v2\ml_service\dataset\gallery\m-076-01.jpg,m-076-01.jpg,m-076,PHOTO,GALLERY
c:\Users\Mallikarjun Gala\OneDrive\Desktop\Third-Eye\Project Code (forensic face sketch)\Project Code (forensic face sketch)\ThirdEye v2\ml_service\dataset\gallery\m-077-01.jpg,m-077-01.jpg,m-077,PHOTO,GALLERY
c:\Users\Mallikarjun Gala\OneDrive\Desktop\Third-Eye\Project Code (forensic face sketch)\Project Code (forensic face sketch)\ThirdEye v2\ml_service\dataset\gallery\m-078-01.jpg,m-078-01.jpg,m-078,PHOTO,GALLERY
c:\Users\Mallikarjun Gala\OneDrive\Desktop\Third-Eye\Project Code (forensic face sketch)\Project Code (forensic face sketch)\ThirdEye v2\ml_service\dataset\gallery\m-079-01.jpg,m-079-01.jpg,m-079,PHOTO,GALLERY
c:\Users\Mallikarjun Gala\OneDrive\Desktop\Third-Eye\Project Code (forensic face sketch)\Project Code (forensic face sketch)\ThirdEye v2\ml_service\dataset\gallery\m-080-01.jpg,m-080-01.jpg,m-080,PHOTO,GALLERY
c:\Users\Mallikarjun Gala\OneDrive\Desktop\Third-Eye\Project Code (forensic face sketch)\Project Code (forensic face sketch)\ThirdEye v2\ml_service\dataset\gallery\m-081-01.jpg,m-081-01.jpg,m-081,PHOTO,GALLERY
c:\Users\Mallikarjun Gala\OneDrive\Desktop\Third-Eye\Project Code (forensic face sketch)\Project Code (forensic face sketch)\ThirdEye v2\ml_service\dataset\gallery\m-082-01.jpg,m-082-01.jpg,m-082,PHOTO,GALLERY
c:\Users\Mallikarjun Gala\OneDrive\Desktop\Third-Eye\Project Code (forensic face sketch)\Project Code (forensic face sketch)\ThirdEye v2\ml_service\dataset\gallery\m-083-01.jpg,m-083-01.jpg,m-083,PHOTO,GALLERY
c:\Users\Mallikarjun Gala\OneDrive\Desktop\Third-Eye\Project Code (forensic face sketch)\Project Code (forensic face sketch)\ThirdEye v2\ml_service\dataset\gallery\m-084-01.jpg,m-084-01.jpg,m-084,PHOTO,GALLERY
c:\Users\Mallikarjun Gala\OneDrive\Desktop\Third-Eye\Project Code (forensic face sketch)\Project Code (forensic face sketch)\ThirdEye v2\ml_service\dataset\gallery\m-085-01.jpg,m-085-01.jpg,m-085,PHOTO,GALLERY
c:\Users\Mallikarjun Gala\OneDrive\Desktop\Third-Eye\Project Code (forensic face sketch)\Project Code (forensic face sketch)\ThirdEye v2\ml_service\dataset\gallery\m-086-01.jpg,m-086-01.jpg,m-086,PHOTO,GALLERY
c:\Users\Mallikarjun Gala\OneDrive\Desktop\Third-Eye\Project Code (forensic face sketch)\Project Code (forensic face sketch)\ThirdEye v2\ml_service\dataset\gallery\m-087-01.jpg,m-087-01.jpg,m-087,PHOTO,GALLERY
c:\Users\Mallikarjun Gala\OneDrive\Desktop\Third-Eye\Project Code (forensic face sketch)\Project Code (forensic face sketch)\ThirdEye v2\ml_service\dataset\gallery\m-088-01.jpg,m-088-01.jpg,m-088,PHOTO,GALLERY
c:\Users\Mallikarjun Gala\OneDrive\Desktop\Third-Eye\Project Code (forensic face sketch)\Project Code (forensic face sketch)\ThirdEye v2\ml_service\dataset\gallery\m-089-01.jpg,m-089-01.jpg,m-089,PHOTO,GALLERY
c:\Users\Mallikarjun Gala\OneDrive\Desktop\Third-Eye\Project Code (forensic face sketch)\Project Code (forensic face sketch)\ThirdEye v2\ml_service\dataset\gallery\m-090-01.jpg,m-090-01.jpg,m-090,PHOTO,GALLERY
c:\Users\Mallikarjun Gala\OneDrive\Desktop\Third-Eye\Project Code (forensic face sketch)\Project Code (forensic face sketch)\ThirdEye v2\ml_service\dataset\gallery\m-091-01.jpg,m-091-01.jpg,m-091,PHOTO,GALLERY
c:\Users\Mallikarjun Gala\OneDrive\Desktop\Third-Eye\Project Code (forensic face sketch)\Project Code (forensic face sketch)\ThirdEye v2\ml_service\dataset\gallery\m-092-01.jpg,m-092-01.jpg,m-092,PHOTO,GALLERY
c:\Users\Mallikarjun Gala\OneDrive\Desktop\Third-Eye\Project Code (forensic face sketch)\Project Code (forensic face sketch)\ThirdEye v2\ml_service\dataset\gallery\m-093-01.jpg,m-093-01.jpg,m-093,PHOTO,GALLERY
c:\Users\Mallikarjun Gala\OneDrive\Desktop\Third-Eye\Project Code (forensic face sketch)\Project Code (forensic face sketch)\ThirdEye v2\ml_service\dataset\gallery\m-094-01.jpg,m-094-01.jpg,m-094,PHOTO,GALLERY
c:\Users\Mallikarjun Gala\OneDrive\Desktop\Third-Eye\Project Code (forensic face sketch)\Project Code (forensic face sketch)\ThirdEye v2\ml_service\dataset\gallery\m-095-01.jpg,m-095-01.jpg,m-095,PHOTO,GALLERY
c:\Users\Mallikarjun Gala\OneDrive\Desktop\Third-Eye\Project Code (forensic face sketch)\Project Code (forensic face sketch)\ThirdEye v2\ml_service\dataset\gallery\m-096-01.jpg,m-096-01.jpg,m-096,PHOTO,GALLERY
c:\Users\Mallikarjun Gala\OneDrive\Desktop\Third-Eye\Project Code (forensic face sketch)\Project Code (forensic face sketch)\ThirdEye v2\ml_service\dataset\gallery\m-097-01.jpg,m-097-01.jpg,m-097,PHOTO,GALLERY
c:\Users\Mallikarjun Gala\OneDrive\Desktop\Third-Eye\Project Code (forensic face sketch)\Project Code (forensic face sketch)\ThirdEye v2\ml_service\dataset\gallery\m-098-01.jpg,m-098-01.jpg,m-098,PHOTO,GALLERY
c:\Users\Mallikarjun Gala\OneDrive\Desktop\Third-Eye\Project Code (forensic face sketch)\Project Code (forensic face sketch)\ThirdEye v2\ml_service\dataset\gallery\m-099-01.jpg,m-099-01.jpg,m-099,PHOTO,GALLERY
c:\Users\Mallikarjun Gala\OneDrive\Desktop\Third-Eye\Project Code (forensic face sketch)\Project Code (forensic face sketch)\ThirdEye v2\ml_service\dataset\gallery\m-100-01.jpg,m-100-01.jpg,m-100,PHOTO,GALLERY
c:\Users\Mallikarjun Gala\OneDrive\Desktop\Third-Eye\Project Code (forensic face sketch)\Project Code (forensic face sketch)\ThirdEye v2\ml_service\dataset\gallery\m-101-01.jpg,m-101-01.jpg,m-101,PHOTO,GALLERY
c:\Users\Mallikarjun Gala\OneDrive\Desktop\Third-Eye\Project Code (forensic face sketch)\Project Code (forensic face sketch)\ThirdEye v2\ml_service\dataset\gallery\m1-001-01.jpg,m1-001-01.jpg,m1-001,PHOTO,GALLERY
c:\Users\Mallikarjun Gala\OneDrive\Desktop\Third-Eye\Project Code (forensic face sketch)\Project Code (forensic face sketch)\ThirdEye v2\ml_service\dataset\gallery\m1-002-01.jpg,m1-002-01.jpg,m1-002,PHOTO,GALLERY
c:\Users\Mallikarjun Gala\OneDrive\Desktop\Third-Eye\Project Code (forensic face sketch)\Project Code (forensic face sketch)\ThirdEye v2\ml_service\dataset\gallery\m1-003-01.jpg,m1-003-01.jpg,m1-003,PHOTO,GALLERY
c:\Users\Mallikarjun Gala\OneDrive\Desktop\Third-Eye\Project Code (forensic face sketch)\Project Code (forensic face sketch)\ThirdEye v2\ml_service\dataset\gallery\m1-004-01.jpg,m1-004-01.jpg,m1-004,PHOTO,GALLERY
c:\Users\Mallikarjun Gala\OneDrive\Desktop\Third-Eye\Project Code (forensic face sketch)\Project Code (forensic face sketch)\ThirdEye v2\ml_service\dataset\gallery\m1-005-01.jpg,m1-005-01.jpg,m1-005,PHOTO,GALLERY
c:\Users\Mallikarjun Gala\OneDrive\Desktop\Third-Eye\Project Code (forensic face sketch)\Project Code (forensic face sketch)\ThirdEye v2\ml_service\dataset\gallery\m1-006-01.jpg,m1-006-01.jpg,m1-006,PHOTO,GALLERY
c:\Users\Mallikarjun Gala\OneDrive\Desktop\Third-Eye\Project Code (forensic face sketch)\Project Code (forensic face sketch)\ThirdEye v2\ml_service\dataset\gallery\m1-007-01.jpg,m1-007-01.jpg,m1-007,PHOTO,GALLERY
c:\Users\Mallikarjun Gala\OneDrive\Desktop\Third-Eye\Project Code (forensic face sketch)\Project Code (forensic face sketch)\ThirdEye v2\ml_service\dataset\gallery\m1-008-01.jpg,m1-008-01.jpg,m1-008,PHOTO,GALLERY
c:\Users\Mallikarjun Gala\OneDrive\Desktop\Third-Eye\Project Code (forensic face sketch)\Project Code (forensic face sketch)\ThirdEye v2\ml_service\dataset\gallery\m1-009-01.jpg,m1-009-01.jpg,m1-009,PHOTO,GALLERY
c:\Users\Mallikarjun Gala\OneDrive\Desktop\Third-Eye\Project Code (forensic face sketch)\Project Code (forensic face sketch)\ThirdEye v2\ml_service\dataset\gallery\m1-010-01.jpg,m1-010-01.jpg,m10,PHOTO,GALLERY
c:\Users\Mallikarjun Gala\OneDrive\Desktop\Third-Eye\Project Code (forensic face sketch)\Project Code (forensic face sketch)\ThirdEye v2\ml_service\dataset\gallery\m1-011-01.jpg,m1-011-01.jpg,m11,PHOTO,GALLERY
c:\Users\Mallikarjun Gala\OneDrive\Desktop\Third-Eye\Project Code (forensic face sketch)\Project Code (forensic face sketch)\ThirdEye v2\ml_service\dataset\gallery\m1-012-01.jpg,m1-012-01.jpg,m12,PHOTO,GALLERY
c:\Users\Mallikarjun Gala\OneDrive\Desktop\Third-Eye\Project Code (forensic face sketch)\Project Code (forensic face sketch)\ThirdEye v2\ml_service\dataset\gallery\m1-013-01.jpg,m1-013-01.jpg,m13,PHOTO,GALLERY
c:\Users\Mallikarjun Gala\OneDrive\Desktop\Third-Eye\Project Code (forensic face sketch)\Project Code (forensic face sketch)\ThirdEye v2\ml_service\dataset\gallery\m1-014-01.jpg,m1-014-01.jpg,m14,PHOTO,GALLERY
c:\Users\Mallikarjun Gala\OneDrive\Desktop\Third-Eye\Project Code (forensic face sketch)\Project Code (forensic face sketch)\ThirdEye v2\ml_service\dataset\gallery\m1-015-01.jpg,m1-015-01.jpg,m15,PHOTO,GALLERY
c:\Users\Mallikarjun Gala\OneDrive\Desktop\Third-Eye\Project Code (forensic face sketch)\Project Code (forensic face sketch)\ThirdEye v2\ml_service\dataset\gallery\m1-016-01.jpg,m1-016-01.jpg,m16,PHOTO,GALLERY
c:\Users\Mallikarjun Gala\OneDrive\Desktop\Third-Eye\Project Code (forensic face sketch)\Project Code (forensic face sketch)\ThirdEye v2\ml_service\dataset\gallery\m1-017-01.jpg,m1-017-01.jpg,m17,PHOTO,GALLERY
c:\Users\Mallikarjun Gala\OneDrive\Desktop\Third-Eye\Project Code (forensic face sketch)\Project Code (forensic face sketch)\ThirdEye v2\ml_service\dataset\gallery\m1-018-01.jpg,m1-018-01.jpg,m18,PHOTO,GALLERY
c:\Users\Mallikarjun Gala\OneDrive\Desktop\Third-Eye\Project Code (forensic face sketch)\Project Code (forensic face sketch)\ThirdEye v2\ml_service\dataset\gallery\m1-019-01.jpg,m1-019-01.jpg,m19,PHOTO,GALLERY
c:\Users\Mallikarjun Gala\OneDrive\Desktop\Third-Eye\Project Code (forensic face sketch)\Project Code (forensic face sketch)\ThirdEye v2\ml_service\dataset\gallery\m1-020-01.jpg,m1-020-01.jpg,m1-020,PHOTO,GALLERY
c:\Users\Mallikarjun Gala\OneDrive\Desktop\Third-Eye\Project Code (forensic face sketch)\Project Code (forensic face sketch)\ThirdEye v2\ml_service\dataset\gallery\m1-021-01.jpg,m1-021-01.jpg,m1-021,PHOTO,GALLERY
c:\Users\Mallikarjun Gala\OneDrive\Desktop\Third-Eye\Project Code (forensic face sketch)\Project Code (forensic face sketch)\ThirdEye v2\ml_service\dataset\gallery\m1-022-01.jpg,m1-022-01.jpg,m1-022,PHOTO,GALLERY
c:\Users\Mallikarjun Gala\OneDrive\Desktop\Third-Eye\Project Code (forensic face sketch)\Project Code (forensic face sketch)\ThirdEye v2\ml_service\dataset\gallery\m1-023-01.jpg,m1-023-01.jpg,m1-023,PHOTO,GALLERY
c:\Users\Mallikarjun Gala\OneDrive\Desktop\Third-Eye\Project Code (forensic face sketch)\Project Code (forensic face sketch)\ThirdEye v2\ml_service\dataset\gallery\m1-024-01.jpg,m1-024-01.jpg,m1-024,PHOTO,GALLERY
c:\Users\Mallikarjun Gala\OneDrive\Desktop\Third-Eye\Project Code (forensic face sketch)\Project Code (forensic face sketch)\ThirdEye v2\ml_service\dataset\gallery\m1-025-01.jpg,m1-025-01.jpg,m1-025,PHOTO,GALLERY
c:\Users\Mallikarjun Gala\OneDrive\Desktop\Third-Eye\Project Code (forensic face sketch)\Project Code (forensic face sketch)\ThirdEye v2\ml_service\dataset\gallery\m1-026-01.jpg,m1-026-01.jpg,m1-026,PHOTO,GALLERY
c:\Users\Mallikarjun Gala\OneDrive\Desktop\Third-Eye\Project Code (forensic face sketch)\Project Code (forensic face sketch)\ThirdEye v2\ml_service\dataset\gallery\m1-027-01.jpg,m1-027-01.jpg,m1-027,PHOTO,GALLERY
c:\Users\Mallikarjun Gala\OneDrive\Desktop\Third-Eye\Project Code (forensic face sketch)\Project Code (forensic face sketch)\ThirdEye v2\ml_service\dataset\gallery\m1-028-01.jpg,m1-028-01.jpg,m1-028,PHOTO,GALLERY
c:\Users\Mallikarjun Gala\OneDrive\Desktop\Third-Eye\Project Code (forensic face sketch)\Project Code (forensic face sketch)\ThirdEye v2\ml_service\dataset\gallery\m1-029-01.jpg,m1-029-01.jpg,m1-029,PHOTO,GALLERY
c:\Users\Mallikarjun Gala\OneDrive\Desktop\Third-Eye\Project Code (forensic face sketch)\Project Code (forensic face sketch)\ThirdEye v2\ml_service\dataset\gallery\m1-030-01.jpg,m1-030-01.jpg,m1-030,PHOTO,GALLERY
c:\Users\Mallikarjun Gala\OneDrive\Desktop\Third-Eye\Project Code (forensic face sketch)\Project Code (forensic face sketch)\ThirdEye v2\ml_service\dataset\gallery\m1-031-01.jpg,m1-031-01.jpg,m1-031,PHOTO,GALLERY
c:\Users\Mallikarjun Gala\OneDrive\Desktop\Third-Eye\Project Code (forensic face sketch)\Project Code (forensic face sketch)\ThirdEye v2\ml_service\dataset\gallery\m1-032-01.jpg,m1-032-01.jpg,m1-032,PHOTO,GALLERY
c:\Users\Mallikarjun Gala\OneDrive\Desktop\Third-Eye\Project Code (forensic face sketch)\Project Code (forensic face sketch)\ThirdEye v2\ml_service\dataset\gallery\m1-033-01.jpg,m1-033-01.jpg,m1-033,PHOTO,GALLERY
c:\Users\Mallikarjun Gala\OneDrive\Desktop\Third-Eye\Project Code (forensic face sketch)\Project Code (forensic face sketch)\ThirdEye v2\ml_service\dataset\gallery\m1-034-01.jpg,m1-034-01.jpg,m1-034,PHOTO,GALLERY
c:\Users\Mallikarjun Gala\OneDrive\Desktop\Third-Eye\Project Code (forensic face sketch)\Project Code (forensic face sketch)\ThirdEye v2\ml_service\dataset\gallery\m1-035-01.jpg,m1-035-01.jpg,m1-035,PHOTO,GALLERY
c:\Users\Mallikarjun Gala\OneDrive\Desktop\Third-Eye\Project Code (forensic face sketch)\Project Code (forensic face sketch)\ThirdEye v2\ml_service\dataset\gallery\m1-036-01.jpg,m1-036-01.jpg,m1-036,PHOTO,GALLERY
c:\Users\Mallikarjun Gala\OneDrive\Desktop\Third-Eye\Project Code (forensic face sketch)\Project Code (forensic face sketch)\ThirdEye v2\ml_service\dataset\gallery\m1-037-01.jpg,m1-037-01.jpg,m1-037,PHOTO,GALLERY
c:\Users\Mallikarjun Gala\OneDrive\Desktop\Third-Eye\Project Code (forensic face sketch)\Project Code (forensic face sketch)\ThirdEye v2\ml_service\dataset\gallery\m1-038-01.jpg,m1-038-01.jpg,m1-038,PHOTO,GALLERY
c:\Users\Mallikarjun Gala\OneDrive\Desktop\Third-Eye\Project Code (forensic face sketch)\Project Code (forensic face sketch)\ThirdEye v2\ml_service\dataset\gallery\m1-039-01.jpg,m1-039-01.jpg,m1-039,PHOTO,GALLERY
c:\Users\Mallikarjun Gala\OneDrive\Desktop\Third-Eye\Project Code (forensic face sketch)\Project Code (forensic face sketch)\ThirdEye v2\ml_service\dataset\gallery\m1-040-01.jpg,m1-040-01.jpg,m1-040,PHOTO,GALLERY
c:\Users\Mallikarjun Gala\OneDrive\Desktop\Third-Eye\Project Code (forensic face sketch)\Project Code (forensic face sketch)\ThirdEye v2\ml_service\dataset\gallery\m1-041-01.jpg,m1-041-01.jpg,m1-041,PHOTO,GALLERY
c:\Users\Mallikarjun Gala\OneDrive\Desktop\Third-Eye\Project Code (forensic face sketch)\Project Code (forensic face sketch)\ThirdEye v2\ml_service\dataset\queries\F2-005-01-sz1.jpg,F2-005-01-sz1.jpg,F2-005,SKETCH,QUERY
c:\Users\Mallikarjun Gala\OneDrive\Desktop\Third-Eye\Project Code (forensic face sketch)\Project Code (forensic face sketch)\ThirdEye v2\ml_service\dataset\queries\F2-006-01-sz1.jpg,F2-006-01-sz1.jpg,F2-006,SKETCH,QUERY
c:\Users\Mallikarjun Gala\OneDrive\Desktop\Third-Eye\Project Code (forensic face sketch)\Project Code (forensic face sketch)\ThirdEye v2\ml_service\dataset\queries\F2-007-01-sz1.jpg,F2-007-01-sz1.jpg,F2-007,SKETCH,QUERY
c:\Users\Mallikarjun Gala\OneDrive\Desktop\Third-Eye\Project Code (forensic face sketch)\Project Code (forensic face sketch)\ThirdEye v2\ml_service\dataset\queries\F2-008-01-sz1.jpg,F2-008-01-sz1.jpg,F2-008,SKETCH,QUERY
c:\Users\Mallikarjun Gala\OneDrive\Desktop\Third-Eye\Project Code (forensic face sketch)\Project Code (forensic face sketch)\ThirdEye v2\ml_service\dataset\queries\F2-009-01-sz1.jpg,F2-009-01-sz1.jpg,F2-009,SKETCH,QUERY
c:\Users\Mallikarjun Gala\OneDrive\Desktop\Third-Eye\Project Code (forensic face sketch)\Project Code (forensic face sketch)\ThirdEye v2\ml_service\dataset\queries\F2-010-01-sz1.jpg,F2-010-01-sz1.jpg,F20,SKETCH,QUERY
c:\Users\Mallikarjun Gala\OneDrive\Desktop\Third-Eye\Project Code (forensic face sketch)\Project Code (forensic face sketch)\ThirdEye v2\ml_service\dataset\queries\F2-011-01-sz1.jpg,F2-011-01-sz1.jpg,F21,SKETCH,QUERY
c:\Users\Mallikarjun Gala\OneDrive\Desktop\Third-Eye\Project Code (forensic face sketch)\Project Code (forensic face sketch)\ThirdEye v2\ml_service\dataset\queries\F2-012-01-sz1.jpg,F2-012-01-sz1.jpg,F22,SKETCH,QUERY
c:\Users\Mallikarjun Gala\OneDrive\Desktop\Third-Eye\Project Code (forensic face sketch)\Project Code (forensic face sketch)\ThirdEye v2\ml_service\dataset\queries\F2-013-01-sz1.jpg,F2-013-01-sz1.jpg,F23,SKETCH,QUERY
c:\Users\Mallikarjun Gala\OneDrive\Desktop\Third-Eye\Project Code (forensic face sketch)\Project Code (forensic face sketch)\ThirdEye v2\ml_service\dataset\queries\F2-014-01-sz1.jpg,F2-014-01-sz1.jpg,F24,SKETCH,QUERY
c:\Users\Mallikarjun Gala\OneDrive\Desktop\Third-Eye\Project Code (forensic face sketch)\Project Code (forensic face sketch)\ThirdEye v2\ml_service\dataset\queries\F2-015-01-sz1.jpg,F2-015-01-sz1.jpg,F25,SKETCH,QUERY
c:\Users\Mallikarjun Gala\OneDrive\Desktop\Third-Eye\Project Code (forensic face sketch)\Project Code (forensic face sketch)\ThirdEye v2\ml_service\dataset\queries\F2-016-01-sz1.jpg,F2-016-01-sz1.jpg,F26,SKETCH,QUERY
c:\Users\Mallikarjun Gala\OneDrive\Desktop\Third-Eye\Project Code (forensic face sketch)\Project Code (forensic face sketch)\ThirdEye v2\ml_service\dataset\queries\F2-017-01-sz1.jpg,F2-017-01-sz1.jpg,F27,SKETCH,QUERY
c:\Users\Mallikarjun Gala\OneDrive\Desktop\Third-Eye\Project Code (forensic face sketch)\Project Code (forensic face sketch)\ThirdEye v2\ml_service\dataset\queries\F2-018-01-sz1.jpg,F2-018-01-sz1.jpg,F28,SKETCH,QUERY
c:\Users\Mallikarjun Gala\OneDrive\Desktop\Third-Eye\Project Code (forensic face sketch)\Project Code (forensic face sketch)\ThirdEye v2\ml_service\dataset\queries\F2-019-01-sz1.jpg,F2-019-01-sz1.jpg,F29,SKETCH,QUERY
c:\Users\Mallikarjun Gala\OneDrive\Desktop\Third-Eye\Project Code (forensic face sketch)\Project Code (forensic face sketch)\ThirdEye v2\ml_service\dataset\queries\F2-020-01-sz1.jpg,F2-020-01-sz1.jpg,F2-020,SKETCH,QUERY
c:\Users\Mallikarjun Gala\OneDrive\Desktop\Third-Eye\Project Code (forensic face sketch)\Project Code (forensic face sketch)\ThirdEye v2\ml_service\dataset\queries\F2-021-01-sz1.jpg,F2-021-01-sz1.jpg,F2-021,SKETCH,QUERY
c:\Users\Mallikarjun Gala\OneDrive\Desktop\Third-Eye\Project Code (forensic face sketch)\Project Code (forensic face sketch)\ThirdEye v2\ml_service\dataset\queries\F2-022-01-sz1.jpg,F2-022-01-sz1.jpg,F2-022,SKETCH,QUERY
c:\Users\Mallikarjun Gala\OneDrive\Desktop\Third-Eye\Project Code (forensic face sketch)\Project Code (forensic face sketch)\ThirdEye v2\ml_service\dataset\queries\F2-023-01-sz1.jpg,F2-023-01-sz1.jpg,F2-023,SKETCH,QUERY
c:\Users\Mallikarjun Gala\OneDrive\Desktop\Third-Eye\Project Code (forensic face sketch)\Project Code (forensic face sketch)\ThirdEye v2\ml_service\dataset\queries\F2-024-01-sz1.jpg,F2-024-01-sz1.jpg,F2-024,SKETCH,QUERY
c:\Users\Mallikarjun Gala\OneDrive\Desktop\Third-Eye\Project Code (forensic face sketch)\Project Code (forensic face sketch)\ThirdEye v2\ml_service\dataset\queries\F2-025-01-sz1.jpg,F2-025-01-sz1.jpg,F2-025,SKETCH,QUERY
c:\Users\Mallikarjun Gala\OneDrive\Desktop\Third-Eye\Project Code (forensic face sketch)\Project Code (forensic face sketch)\ThirdEye v2\ml_service\dataset\queries\F2-026-01-sz1.jpg,F2-026-01-sz1.jpg,F2-026,SKETCH,QUERY
c:\Users\Mallikarjun Gala\OneDrive\Desktop\Third-Eye\Project Code (forensic face sketch)\Project Code (forensic face sketch)\ThirdEye v2\ml_service\dataset\queries\F2-027-01-sz1.jpg,F2-027-01-sz1.jpg,F2-027,SKETCH,QUERY
c:\Users\Mallikarjun Gala\OneDrive\Desktop\Third-Eye\Project Code (forensic face sketch)\Project Code (forensic face sketch)\ThirdEye v2\ml_service\dataset\queries\F2-028-01-sz1.jpg,F2-028-01-sz1.jpg,F2-028,SKETCH,QUERY
c:\Users\Mallikarjun Gala\OneDrive\Desktop\Third-Eye\Project Code (forensic face sketch)\Project Code (forensic face sketch)\ThirdEye v2\ml_service\dataset\queries\F2-029-01-sz1.jpg,F2-029-01-sz1.jpg,F2-029,SKETCH,QUERY
c:\Users\Mallikarjun Gala\OneDrive\Desktop\Third-Eye\Project Code (forensic face sketch)\Project Code (forensic face sketch)\ThirdEye v2\ml_service\dataset\queries\F2-030-01-sz1.jpg,F2-030-01-sz1.jpg,F2-030,SKETCH,QUERY
c:\Users\Mallikarjun Gala\OneDrive\Desktop\Third-Eye\Project Code (forensic face sketch)\Project Code (forensic face sketch)\ThirdEye v2\ml_service\dataset\queries\F2-031-01-sz1.jpg,F2-031-01-sz1.jpg,F2-031,SKETCH,QUERY
c:\Users\Mallikarjun Gala\OneDrive\Desktop\Third-Eye\Project Code (forensic face sketch)\Project Code (forensic face sketch)\ThirdEye v2\ml_service\dataset\queries\F2-032-01-sz1.jpg,F2-032-01-sz1.jpg,F2-032,SKETCH,QUERY
c:\Users\Mallikarjun Gala\OneDrive\Desktop\Third-Eye\Project Code (forensic face sketch)\Project Code (forensic face sketch)\ThirdEye v2\ml_service\dataset\queries\F2-033-01-sz1.jpg,F2-033-01-sz1.jpg,F2-033,SKETCH,QUERY
c:\Users\Mallikarjun Gala\OneDrive\Desktop\Third-Eye\Project Code (forensic face sketch)\Project Code (forensic face sketch)\ThirdEye v2\ml_service\dataset\queries\F2-034-01-sz1.jpg,F2-034-01-sz1.jpg,F2-034,SKETCH,QUERY
c:\Users\Mallikarjun Gala\OneDrive\Desktop\Third-Eye\Project Code (forensic face sketch)\Project Code (forensic face sketch)\ThirdEye v2\ml_service\dataset\queries\F2-035-01-sz1.jpg,F2-035-01-sz1.jpg,F2-035,SKETCH,QUERY
c:\Users\Mallikarjun Gala\OneDrive\Desktop\Third-Eye\Project Code (forensic face sketch)\Project Code (forensic face sketch)\ThirdEye v2\ml_service\dataset\queries\F2-036-01-sz1.jpg,F2-036-01-sz1.jpg,F2-036,SKETCH,QUERY
c:\Users\Mallikarjun Gala\OneDrive\Desktop\Third-Eye\Project Code (forensic face sketch)\Project Code (forensic face sketch)\ThirdEye v2\ml_service\dataset\queries\F2-037-01-sz1.jpg,F2-037-01-sz1.jpg,F2-037,SKETCH,QUERY
c:\Users\Mallikarjun Gala\OneDrive\Desktop\Third-Eye\Project Code (forensic face sketch)\Project Code (forensic face sketch)\ThirdEye v2\ml_service\dataset\queries\F2-038-01-sz1.jpg,F2-038-01-sz1.jpg,F2-038,SKETCH,QUERY
c:\Users\Mallikarjun Gala\OneDrive\Desktop\Third-Eye\Project Code (forensic face sketch)\Project Code (forensic face sketch)\ThirdEye v2\ml_service\dataset\queries\M2-008-01-sz1.jpg,M2-008-01-sz1.jpg,M2-008,SKETCH,QUERY
c:\Users\Mallikarjun Gala\OneDrive\Desktop\Third-Eye\Project Code (forensic face sketch)\Project Code (forensic face sketch)\ThirdEye v2\ml_service\dataset\queries\M2-009-01-sz1.jpg,M2-009-01-sz1.jpg,M2-009,SKETCH,QUERY
c:\Users\Mallikarjun Gala\OneDrive\Desktop\Third-Eye\Project Code (forensic face sketch)\Project Code (forensic face sketch)\ThirdEye v2\ml_service\dataset\queries\M2-010-01-sz1.jpg,M2-010-01-sz1.jpg,M20,SKETCH,QUERY
c:\Users\Mallikarjun Gala\OneDrive\Desktop\Third-Eye\Project Code (forensic face sketch)\Project Code (forensic face sketch)\ThirdEye v2\ml_service\dataset\queries\M2-011-01-sz1.jpg,M2-011-01-sz1.jpg,M21,SKETCH,QUERY
c:\Users\Mallikarjun Gala\OneDrive\Desktop\Third-Eye\Project Code (forensic face sketch)\Project Code (forensic face sketch)\ThirdEye v2\ml_service\dataset\queries\M2-012-01-sz1.jpg,M2-012-01-sz1.jpg,M22,SKETCH,QUERY
c:\Users\Mallikarjun Gala\OneDrive\Desktop\Third-Eye\Project Code (forensic face sketch)\Project Code (forensic face sketch)\ThirdEye v2\ml_service\dataset\queries\M2-013-01-sz1.jpg,M2-013-01-sz1.jpg,M23,SKETCH,QUERY
c:\Users\Mallikarjun Gala\OneDrive\Desktop\Third-Eye\Project Code (forensic face sketch)\Project Code (forensic face sketch)\ThirdEye v2\ml_service\dataset\queries\M2-014-01-sz1.jpg,M2-014-01-sz1.jpg,M24,SKETCH,QUERY
c:\Users\Mallikarjun Gala\OneDrive\Desktop\Third-Eye\Project Code (forensic face sketch)\Project Code (forensic face sketch)\ThirdEye v2\ml_service\dataset\queries\M2-015-01-sz1.jpg,M2-015-01-sz1.jpg,M25,SKETCH,QUERY
c:\Users\Mallikarjun Gala\OneDrive\Desktop\Third-Eye\Project Code (forensic face sketch)\Project Code (forensic face sketch)\ThirdEye v2\ml_service\dataset\queries\M2-016-01-sz1.jpg,M2-016-01-sz1.jpg,M26,SKETCH,QUERY
c:\Users\Mallikarjun Gala\OneDrive\Desktop\Third-Eye\Project Code (forensic face sketch)\Project Code (forensic face sketch)\ThirdEye v2\ml_service\dataset\queries\M2-017-01-sz1.jpg,M2-017-01-sz1.jpg,M27,SKETCH,QUERY
c:\Users\Mallikarjun Gala\OneDrive\Desktop\Third-Eye\Project Code (forensic face sketch)\Project Code (forensic face sketch)\ThirdEye v2\ml_service\dataset\queries\M2-018-01-sz1.jpg,M2-018-01-sz1.jpg,M28,SKETCH,QUERY
c:\Users\Mallikarjun Gala\OneDrive\Desktop\Third-Eye\Project Code (forensic face sketch)\Project Code (forensic face sketch)\ThirdEye v2\ml_service\dataset\queries\M2-019-01-sz1.jpg,M2-019-01-sz1.jpg,M29,SKETCH,QUERY
c:\Users\Mallikarjun Gala\OneDrive\Desktop\Third-Eye\Project Code (forensic face sketch)\Project Code (forensic face sketch)\ThirdEye v2\ml_service\dataset\queries\M2-021-01-sz1.jpg,M2-021-01-sz1.jpg,M2-021,SKETCH,QUERY
c:\Users\Mallikarjun Gala\OneDrive\Desktop\Third-Eye\Project Code (forensic face sketch)\Project Code (forensic face sketch)\ThirdEye v2\ml_service\dataset\queries\M2-022-01-sz1.jpg,M2-022-01-sz1.jpg,M2-022,SKETCH,QUERY
c:\Users\Mallikarjun Gala\OneDrive\Desktop\Third-Eye\Project Code (forensic face sketch)\Project Code (forensic face sketch)\ThirdEye v2\ml_service\dataset\queries\M2-023-01-sz1.jpg,M2-023-01-sz1.jpg,M2-023,SKETCH,QUERY
c:\Users\Mallikarjun Gala\OneDrive\Desktop\Third-Eye\Project Code (forensic face sketch)\Project Code (forensic face sketch)\ThirdEye v2\ml_service\dataset\queries\M2-024-01-sz1.jpg,M2-024-01-sz1.jpg,M2-024,SKETCH,QUERY
c:\Users\Mallikarjun Gala\OneDrive\Desktop\Third-Eye\Project Code (forensic face sketch)\Project Code (forensic face sketch)\ThirdEye v2\ml_service\dataset\queries\M2-025-01-sz1.jpg,M2-025-01-sz1.jpg,M2-025,SKETCH,QUERY
c:\Users\Mallikarjun Gala\OneDrive\Desktop\Third-Eye\Project Code (forensic face sketch)\Project Code (forensic face sketch)\ThirdEye v2\ml_service\dataset\queries\M2-026-01-sz1.jpg,M2-026-01-sz1.jpg,M2-026,SKETCH,QUERY
c:\Users\Mallikarjun Gala\OneDrive\Desktop\Third-Eye\Project Code (forensic face sketch)\Project Code (forensic face sketch)\ThirdEye v2\ml_service\dataset\queries\M2-027-01-sz1.jpg,M2-027-01-sz1.jpg,M2-027,SKETCH,QUERY
c:\Users\Mallikarjun Gala\OneDrive\Desktop\Third-Eye\Project Code (forensic face sketch)\Project Code (forensic face sketch)\ThirdEye v2\ml_service\dataset\queries\M2-028-01-sz1.jpg,M2-028-01-sz1.jpg,M2-028,SKETCH,QUERY
c:\Users\Mallikarjun Gala\OneDrive\Desktop\Third-Eye\Project Code (forensic face sketch)\Project Code (forensic face sketch)\ThirdEye v2\ml_service\dataset\queries\M2-029-01-sz1.jpg,M2-029-01-sz1.jpg,M2-029,SKETCH,QUERY
c:\Users\Mallikarjun Gala\OneDrive\Desktop\Third-Eye\Project Code (forensic face sketch)\Project Code (forensic face sketch)\ThirdEye v2\ml_service\dataset\queries\M2-030-01-sz1.jpg,M2-030-01-sz1.jpg,M2-030,SKETCH,QUERY
c:\Users\Mallikarjun Gala\OneDrive\Desktop\Third-Eye\Project Code (forensic face sketch)\Project Code (forensic face sketch)\ThirdEye v2\ml_service\dataset\queries\M2-031-01-sz1.jpg,M2-031-01-sz1.jpg,M2-031,SKETCH,QUERY
c:\Users\Mallikarjun Gala\OneDrive\Desktop\Third-Eye\Project Code (forensic face sketch)\Project Code (forensic face sketch)\ThirdEye v2\ml_service\dataset\queries\M2-032-01-sz1.jpg,M2-032-01-sz1.jpg,M2-032,SKETCH,QUERY
c:\Users\Mallikarjun Gala\OneDrive\Desktop\Third-Eye\Project Code (forensic face sketch)\Project Code (forensic face sketch)\ThirdEye v2\ml_service\dataset\queries\M2-033-01-sz1.jpg,M2-033-01-sz1.jpg,M2-033,SKETCH,QUERY
c:\Users\Mallikarjun Gala\OneDrive\Desktop\Third-Eye\Project Code (forensic face sketch)\Project Code (forensic face sketch)\ThirdEye v2\ml_service\dataset\queries\M2-034-01-sz1.jpg,M2-034-01-sz1.jpg,M2-034,SKETCH,QUERY
c:\Users\Mallikarjun Gala\OneDrive\Desktop\Third-Eye\Project Code (forensic face sketch)\Project Code (forensic face sketch)\ThirdEye v2\ml_service\dataset\queries\M2-035-01-sz1.jpg,M2-035-01-sz1.jpg,M2-035,SKETCH,QUERY
c:\Users\Mallikarjun Gala\OneDrive\Desktop\Third-Eye\Project Code (forensic face sketch)\Project Code (forensic face sketch)\ThirdEye v2\ml_service\dataset\queries\M2-036-01-sz1.jpg,M2-036-01-sz1.jpg,M2-036,SKETCH,QUERY
c:\Users\Mallikarjun Gala\OneDrive\Desktop\Third-Eye\Project Code (forensic face sketch)\Project Code (forensic face sketch)\ThirdEye v2\ml_service\dataset\queries\M2-037-01-sz1.jpg,M2-037-01-sz1.jpg,M2-037,SKETCH,QUERY
c:\Users\Mallikarjun Gala\OneDrive\Desktop\Third-Eye\Project Code (forensic face sketch)\Project Code (forensic face sketch)\ThirdEye v2\ml_service\dataset\queries\M2-038-01-sz1.jpg,M2-038-01-sz1.jpg,M2-038,SKETCH,QUERY
c:\Users\Mallikarjun Gala\OneDrive\Desktop\Third-Eye\Project Code (forensic face sketch)\Project Code (forensic face sketch)\ThirdEye v2\ml_service\dataset\queries\M2-039-01-sz1.jpg,M2-039-01-sz1.jpg,M2-039,SKETCH,QUERY
c:\Users\Mallikarjun Gala\OneDrive\Desktop\Third-Eye\Project Code (forensic face sketch)\Project Code (forensic face sketch)\ThirdEye v2\ml_service\dataset\queries\M2-040-01-sz1.jpg,M2-040-01-sz1.jpg,M2-040,SKETCH,QUERY
c:\Users\Mallikarjun Gala\OneDrive\Desktop\Third-Eye\Project Code (forensic face sketch)\Project Code (forensic face sketch)\ThirdEye v2\ml_service\dataset\queries\M2-041-01-sz1.jpg,M2-041-01-sz1.jpg,M2-041,SKETCH,QUERY
c:\Users\Mallikarjun Gala\OneDrive\Desktop\Third-Eye\Project Code (forensic face sketch)\Project Code (forensic face sketch)\ThirdEye v2\ml_service\dataset\queries\M2-042-01-sz1.jpg,M2-042-01-sz1.jpg,M2-042,SKETCH,QUERY
c:\Users\Mallikarjun Gala\OneDrive\Desktop\Third-Eye\Project Code (forensic face sketch)\Project Code (forensic face sketch)\ThirdEye v2\ml_service\dataset\queries\M2-043-01-sz1.jpg,M2-043-01-sz1.jpg,M2-043,SKETCH,QUERY
c:\Users\Mallikarjun Gala\OneDrive\Desktop\Third-Eye\Project Code (forensic face sketch)\Project Code (forensic face sketch)\ThirdEye v2\ml_service\dataset\queries\M2-044-01-sz1.jpg,M2-044-01-sz1.jpg,M2-044,SKETCH,QUERY
c:\Users\Mallikarjun Gala\OneDrive\Desktop\Third-Eye\Project Code (forensic face sketch)\Project Code (forensic face sketch)\ThirdEye v2\ml_service\dataset\queries\M2-045-01-sz1.jpg,M2-045-01-sz1.jpg,M2-045,SKETCH,QUERY
c:\Users\Mallikarjun Gala\OneDrive\Desktop\Third-Eye\Project Code (forensic face sketch)\Project Code (forensic face sketch)\ThirdEye v2\ml_service\dataset\queries\M2-046-01-sz1.jpg,M2-046-01-sz1.jpg,M2-046,SKETCH,QUERY
c:\Users\Mallikarjun Gala\OneDrive\Desktop\Third-Eye\Project Code (forensic face sketch)\Project Code (forensic face sketch)\ThirdEye v2\ml_service\dataset\queries\M2-047-01-sz1.jpg,M2-047-01-sz1.jpg,M2-047,SKETCH,QUERY
c:\Users\Mallikarjun Gala\OneDrive\Desktop\Third-Eye\Project Code (forensic face sketch)\Project Code (forensic face sketch)\ThirdEye v2\ml_service\dataset\queries\M2-048-01-sz1.jpg,M2-048-01-sz1.jpg,M2-048,SKETCH,QUERY
c:\Users\Mallikarjun Gala\OneDrive\Desktop\Third-Eye\Project Code (forensic face sketch)\Project Code (forensic face sketch)\ThirdEye v2\ml_service\dataset\queries\M2-049-01-sz1.jpg,M2-049-01-sz1.jpg,M2-049,SKETCH,QUERY
c:\Users\Mallikarjun Gala\OneDrive\Desktop\Third-Eye\Project Code (forensic face sketch)\Project Code (forensic face sketch)\ThirdEye v2\ml_service\dataset\queries\M2-050-01-sz1.jpg,M2-050-01-sz1.jpg,M2-050,SKETCH,QUERY
c:\Users\Mallikarjun Gala\OneDrive\Desktop\Third-Eye\Project Code (forensic face sketch)\Project Code (forensic face sketch)\ThirdEye v2\ml_service\dataset\queries\M2-051-01-sz1.jpg,M2-051-01-sz1.jpg,M2-051,SKETCH,QUERY
c:\Users\Mallikarjun Gala\OneDrive\Desktop\Third-Eye\Project Code (forensic face sketch)\Project Code (forensic face sketch)\ThirdEye v2\ml_service\dataset\queries\M2-052-01-sz1.jpg,M2-052-01-sz1.jpg,M2-052,SKETCH,QUERY
c:\Users\Mallikarjun Gala\OneDrive\Desktop\Third-Eye\Project Code (forensic face sketch)\Project Code (forensic face sketch)\ThirdEye v2\ml_service\dataset\queries\M2-053-01-sz1.jpg,M2-053-01-sz1.jpg,M2-053,SKETCH,QUERY
c:\Users\Mallikarjun Gala\OneDrive\Desktop\Third-Eye\Project Code (forensic face sketch)\Project Code (forensic face sketch)\ThirdEye v2\ml_service\dataset\queries\M2-054-01-sz1.jpg,M2-054-01-sz1.jpg,M2-054,SKETCH,QUERY
c:\Users\Mallikarjun Gala\OneDrive\Desktop\Third-Eye\Project Code (forensic face sketch)\Project Code (forensic face sketch)\ThirdEye v2\ml_service\dataset\queries\M2-055-01-sz1.jpg,M2-055-01-sz1.jpg,M2-055,SKETCH,QUERY
c:\Users\Mallikarjun Gala\OneDrive\Desktop\Third-Eye\Project Code (forensic face sketch)\Project Code (forensic face sketch)\ThirdEye v2\ml_service\dataset\queries\M2-056-01-sz1.jpg,M2-056-01-sz1.jpg,M2-056,SKETCH,QUERY
c:\Users\Mallikarjun Gala\OneDrive\Desktop\Third-Eye\Project Code (forensic face sketch)\Project Code (forensic face sketch)\ThirdEye v2\ml_service\dataset\queries\M2-057-01-sz1.jpg,M2-057-01-sz1.jpg,M2-057,SKETCH,QUERY
c:\Users\Mallikarjun Gala\OneDrive\Desktop\Third-Eye\Project Code (forensic face sketch)\Project Code (forensic face sketch)\ThirdEye v2\ml_service\dataset\queries\M2-058-01-sz1.jpg,M2-058-01-sz1.jpg,M2-058,SKETCH,QUERY
c:\Users\Mallikarjun Gala\OneDrive\Desktop\Third-Eye\Project Code (forensic face sketch)\Project Code (forensic face sketch)\ThirdEye v2\ml_service\dataset\queries\M2-059-01-sz1.jpg,M2-059-01-sz1.jpg,M2-059,SKETCH,QUERY
c:\Users\Mallikarjun Gala\OneDrive\Desktop\Third-Eye\Project Code (forensic face sketch)\Project Code (forensic face sketch)\ThirdEye v2\ml_service\dataset\queries\M2-060-01-sz1.jpg,M2-060-01-sz1.jpg,M2-060,SKETCH,QUERY
c:\Users\Mallikarjun Gala\OneDrive\Desktop\Third-Eye\Project Code (forensic face sketch)\Project Code (forensic face sketch)\ThirdEye v2\ml_service\dataset\queries\M2-061-01-sz1.jpg,M2-061-01-sz1.jpg,M2-061,SKETCH,QUERY
c:\Users\Mallikarjun Gala\OneDrive\Desktop\Third-Eye\Project Code (forensic face sketch)\Project Code (forensic face sketch)\ThirdEye v2\ml_service\dataset\queries\M2-062-01-sz1.jpg,M2-062-01-sz1.jpg,M2-062,SKETCH,QUERY
c:\Users\Mallikarjun Gala\OneDrive\Desktop\Third-Eye\Project Code (forensic face sketch)\Project Code (forensic face sketch)\ThirdEye v2\ml_service\dataset\queries\a-sharukh-1.jpg,a-sharukh-1.jpg,a-sharukh,SKETCH,QUERY
c:\Users\Mallikarjun Gala\OneDrive\Desktop\Third-Eye\Project Code (forensic face sketch)\Project Code (forensic face sketch)\ThirdEye v2\ml_service\dataset\queries\a-sharukh-2.jpg,a-sharukh-2.jpg,a-sharukh,SKETCH,QUERY
c:\Users\Mallikarjun Gala\OneDrive\Desktop\Third-Eye\Project Code (forensic face sketch)\Project Code (forensic face sketch)\ThirdEye v2\ml_service\dataset\queries\f-039-01-sz1.jpg,f-039-01-sz1.jpg,f-039,SKETCH,QUERY
c:\Users\Mallikarjun Gala\OneDrive\Desktop\Third-Eye\Project Code (forensic face sketch)\Project Code (forensic face sketch)\ThirdEye v2\ml_service\dataset\queries\f-040-01-sz1.jpg,f-040-01-sz1.jpg,f-040,SKETCH,QUERY
c:\Users\Mallikarjun Gala\OneDrive\Desktop\Third-Eye\Project Code (forensic face sketch)\Project Code (forensic face sketch)\ThirdEye v2\ml_service\dataset\queries\f-041-01-sz1.jpg,f-041-01-sz1.jpg,f-041,SKETCH,QUERY
c:\Users\Mallikarjun Gala\OneDrive\Desktop\Third-Eye\Project Code (forensic face sketch)\Project Code (forensic face sketch)\ThirdEye v2\ml_service\dataset\queries\f-042-01-sz1.jpg,f-042-01-sz1.jpg,f-042,SKETCH,QUERY
c:\Users\Mallikarjun Gala\OneDrive\Desktop\Third-Eye\Project Code (forensic face sketch)\Project Code (forensic face sketch)\ThirdEye v2\ml_service\dataset\queries\f-043-01-sz1.jpg,f-043-01-sz1.jpg,f-043,SKETCH,QUERY
c:\Users\Mallikarjun Gala\OneDrive\Desktop\Third-Eye\Project Code (forensic face sketch)\Project Code (forensic face sketch)\ThirdEye v2\ml_service\dataset\queries\f1-001-01-sz1.jpg,f1-001-01-sz1.jpg,f1-001,SKETCH,QUERY
c:\Users\Mallikarjun Gala\OneDrive\Desktop\Third-Eye\Project Code (forensic face sketch)\Project Code (forensic face sketch)\ThirdEye v2\ml_service\dataset\queries\f1-002-01-sz1.jpg,f1-002-01-sz1.jpg,f1-002,SKETCH,QUERY
c:\Users\Mallikarjun Gala\OneDrive\Desktop\Third-Eye\Project Code (forensic face sketch)\Project Code (forensic face sketch)\ThirdEye v2\ml_service\dataset\queries\f1-003-01-sz1.jpg,f1-003-01-sz1.jpg,f1-003,SKETCH,QUERY
c:\Users\Mallikarjun Gala\OneDrive\Desktop\Third-Eye\Project Code (forensic face sketch)\Project Code (forensic face sketch)\ThirdEye v2\ml_service\dataset\queries\f1-004-01-sz1.jpg,f1-004-01-sz1.jpg,f1-004,SKETCH,QUERY
c:\Users\Mallikarjun Gala\OneDrive\Desktop\Third-Eye\Project Code (forensic face sketch)\Project Code (forensic face sketch)\ThirdEye v2\ml_service\dataset\queries\f1-005-01-sz1.jpg,f1-005-01-sz1.jpg,f1-005,SKETCH,QUERY
c:\Users\Mallikarjun Gala\OneDrive\Desktop\Third-Eye\Project Code (forensic face sketch)\Project Code (forensic face sketch)\ThirdEye v2\ml_service\dataset\queries\f1-006-01-sz1.jpg,f1-006-01-sz1.jpg,f1-006,SKETCH,QUERY
c:\Users\Mallikarjun Gala\OneDrive\Desktop\Third-Eye\Project Code (forensic face sketch)\Project Code (forensic face sketch)\ThirdEye v2\ml_service\dataset\queries\f1-007-01-sz1.jpg,f1-007-01-sz1.jpg,f1-007,SKETCH,QUERY
c:\Users\Mallikarjun Gala\OneDrive\Desktop\Third-Eye\Project Code (forensic face sketch)\Project Code (forensic face sketch)\ThirdEye v2\ml_service\dataset\queries\f1-008-01-sz1.jpg,f1-008-01-sz1.jpg,f1-008,SKETCH,QUERY
c:\Users\Mallikarjun Gala\OneDrive\Desktop\Third-Eye\Project Code (forensic face sketch)\Project Code (forensic face sketch)\ThirdEye v2\ml_service\dataset\queries\f1-009-01-sz1.jpg,f1-009-01-sz1.jpg,f1-009,SKETCH,QUERY
c:\Users\Mallikarjun Gala\OneDrive\Desktop\Third-Eye\Project Code (forensic face sketch)\Project Code (forensic face sketch)\ThirdEye v2\ml_service\dataset\queries\f1-010-01-sz1.jpg,f1-010-01-sz1.jpg,f10,SKETCH,QUERY
c:\Users\Mallikarjun Gala\OneDrive\Desktop\Third-Eye\Project Code (forensic face sketch)\Project Code (forensic face sketch)\ThirdEye v2\ml_service\dataset\queries\f1-011-01-sz1.jpg,f1-011-01-sz1.jpg,f11,SKETCH,QUERY
c:\Users\Mallikarjun Gala\OneDrive\Desktop\Third-Eye\Project Code (forensic face sketch)\Project Code (forensic face sketch)\ThirdEye v2\ml_service\dataset\queries\f1-012-01-sz1.jpg,f1-012-01-sz1.jpg,f12,SKETCH,QUERY
c:\Users\Mallikarjun Gala\OneDrive\Desktop\Third-Eye\Project Code (forensic face sketch)\Project Code (forensic face sketch)\ThirdEye v2\ml_service\dataset\queries\f1-013-01-sz1.jpg,f1-013-01-sz1.jpg,f13,SKETCH,QUERY
c:\Users\Mallikarjun Gala\OneDrive\Desktop\Third-Eye\Project Code (forensic face sketch)\Project Code (forensic face sketch)\ThirdEye v2\ml_service\dataset\queries\f1-014-01-sz1.jpg,f1-014-01-sz1.jpg,f14,SKETCH,QUERY
c:\Users\Mallikarjun Gala\OneDrive\Desktop\Third-Eye\Project Code (forensic face sketch)\Project Code (forensic face sketch)\ThirdEye v2\ml_service\dataset\queries\f1-015-01-sz1.jpg,f1-015-01-sz1.jpg,f15,SKETCH,QUERY
c:\Users\Mallikarjun Gala\OneDrive\Desktop\Third-Eye\Project Code (forensic face sketch)\Project Code (forensic face sketch)\ThirdEye v2\ml_service\dataset\queries\m-063-01-sz1.jpg,m-063-01-sz1.jpg,m-063,SKETCH,QUERY
c:\Users\Mallikarjun Gala\OneDrive\Desktop\Third-Eye\Project Code (forensic face sketch)\Project Code (forensic face sketch)\ThirdEye v2\ml_service\dataset\queries\m-064-01-sz1.jpg,m-064-01-sz1.jpg,m-064,SKETCH,QUERY
c:\Users\Mallikarjun Gala\OneDrive\Desktop\Third-Eye\Project Code (forensic face sketch)\Project Code (forensic face sketch)\ThirdEye v2\ml_service\dataset\queries\m-065-01-sz1.jpg,m-065-01-sz1.jpg,m-065,SKETCH,QUERY
c:\Users\Mallikarjun Gala\OneDrive\Desktop\Third-Eye\Project Code (forensic face sketch)\Project Code (forensic face sketch)\ThirdEye v2\ml_service\dataset\queries\m-066-01-sz1.jpg,m-066-01-sz1.jpg,m-066,SKETCH,QUERY
c:\Users\Mallikarjun Gala\OneDrive\Desktop\Third-Eye\Project Code (forensic face sketch)\Project Code (forensic face sketch)\ThirdEye v2\ml_service\dataset\queries\m-067-01-sz1.jpg,m-067-01-sz1.jpg,m-067,SKETCH,QUERY
c:\Users\Mallikarjun Gala\OneDrive\Desktop\Third-Eye\Project Code (forensic face sketch)\Project Code (forensic face sketch)\ThirdEye v2\ml_service\dataset\queries\m-068-01-sz1.jpg,m-068-01-sz1.jpg,m-068,SKETCH,QUERY
c:\Users\Mallikarjun Gala\OneDrive\Desktop\Third-Eye\Project Code (forensic face sketch)\Project Code (forensic face sketch)\ThirdEye v2\ml_service\dataset\queries\m-069-01-sz1.jpg,m-069-01-sz1.jpg,m-069,SKETCH,QUERY
c:\Users\Mallikarjun Gala\OneDrive\Desktop\Third-Eye\Project Code (forensic face sketch)\Project Code (forensic face sketch)\ThirdEye v2\ml_service\dataset\queries\m-070-01-sz1.jpg,m-070-01-sz1.jpg,m-070,SKETCH,QUERY
c:\Users\Mallikarjun Gala\OneDrive\Desktop\Third-Eye\Project Code (forensic face sketch)\Project Code (forensic face sketch)\ThirdEye v2\ml_service\dataset\queries\m-071-01-sz1.jpg,m-071-01-sz1.jpg,m-071,SKETCH,QUERY
c:\Users\Mallikarjun Gala\OneDrive\Desktop\Third-Eye\Project Code (forensic face sketch)\Project Code (forensic face sketch)\ThirdEye v2\ml_service\dataset\queries\m-072-01-sz1.jpg,m-072-01-sz1.jpg,m-072,SKETCH,QUERY
c:\Users\Mallikarjun Gala\OneDrive\Desktop\Third-Eye\Project Code (forensic face sketch)\Project Code (forensic face sketch)\ThirdEye v2\ml_service\dataset\queries\m-073-01-sz1.jpg,m-073-01-sz1.jpg,m-073,SKETCH,QUERY
c:\Users\Mallikarjun Gala\OneDrive\Desktop\Third-Eye\Project Code (forensic face sketch)\Project Code (forensic face sketch)\ThirdEye v2\ml_service\dataset\queries\m-074-01-sz1.jpg,m-074-01-sz1.jpg,m-074,SKETCH,QUERY
c:\Users\Mallikarjun Gala\OneDrive\Desktop\Third-Eye\Project Code (forensic face sketch)\Project Code (forensic face sketch)\ThirdEye v2\ml_service\dataset\queries\m-075-01-sz1.jpg,m-075-01-sz1.jpg,m-075,SKETCH,QUERY
c:\Users\Mallikarjun Gala\OneDrive\Desktop\Third-Eye\Project Code (forensic face sketch)\Project Code (forensic face sketch)\ThirdEye v2\ml_service\dataset\queries\m-076-01-sz1.jpg,m-076-01-sz1.jpg,m-076,SKETCH,QUERY
c:\Users\Mallikarjun Gala\OneDrive\Desktop\Third-Eye\Project Code (forensic face sketch)\Project Code (forensic face sketch)\ThirdEye v2\ml_service\dataset\queries\m-077-01-sz1.jpg,m-077-01-sz1.jpg,m-077,SKETCH,QUERY
c:\Users\Mallikarjun Gala\OneDrive\Desktop\Third-Eye\Project Code (forensic face sketch)\Project Code (forensic face sketch)\ThirdEye v2\ml_service\dataset\queries\m-078-01-sz1.jpg,m-078-01-sz1.jpg,m-078,SKETCH,QUERY
c:\Users\Mallikarjun Gala\OneDrive\Desktop\Third-Eye\Project Code (forensic face sketch)\Project Code (forensic face sketch)\ThirdEye v2\ml_service\dataset\queries\m-079-01-sz1.jpg,m-079-01-sz1.jpg,m-079,SKETCH,QUERY
c:\Users\Mallikarjun Gala\OneDrive\Desktop\Third-Eye\Project Code (forensic face sketch)\Project Code (forensic face sketch)\ThirdEye v2\ml_service\dataset\queries\m-080-01-sz1.jpg,m-080-01-sz1.jpg,m-080,SKETCH,QUERY
c:\Users\Mallikarjun Gala\OneDrive\Desktop\Third-Eye\Project Code (forensic face sketch)\Project Code (forensic face sketch)\ThirdEye v2\ml_service\dataset\queries\m-081-01-sz1.jpg,m-081-01-sz1.jpg,m-081,SKETCH,QUERY
c:\Users\Mallikarjun Gala\OneDrive\Desktop\Third-Eye\Project Code (forensic face sketch)\Project Code (forensic face sketch)\ThirdEye v2\ml_service\dataset\queries\m-082-01-sz1.jpg,m-082-01-sz1.jpg,m-082,SKETCH,QUERY
c:\Users\Mallikarjun Gala\OneDrive\Desktop\Third-Eye\Project Code (forensic face sketch)\Project Code (forensic face sketch)\ThirdEye v2\ml_service\dataset\queries\m-083-01-sz1.jpg,m-083-01-sz1.jpg,m-083,SKETCH,QUERY
c:\Users\Mallikarjun Gala\OneDrive\Desktop\Third-Eye\Project Code (forensic face sketch)\Project Code (forensic face sketch)\ThirdEye v2\ml_service\dataset\queries\m-084-01-sz1.jpg,m-084-01-sz1.jpg,m-084,SKETCH,QUERY
c:\Users\Mallikarjun Gala\OneDrive\Desktop\Third-Eye\Project Code (forensic face sketch)\Project Code (forensic face sketch)\ThirdEye v2\ml_service\dataset\queries\m-085-01-sz1.jpg,m-085-01-sz1.jpg,m-085,SKETCH,QUERY
c:\Users\Mallikarjun Gala\OneDrive\Desktop\Third-Eye\Project Code (forensic face sketch)\Project Code (forensic face sketch)\ThirdEye v2\ml_service\dataset\queries\m-086-01-sz1.jpg,m-086-01-sz1.jpg,m-086,SKETCH,QUERY
c:\Users\Mallikarjun Gala\OneDrive\Desktop\Third-Eye\Project Code (forensic face sketch)\Project Code (forensic face sketch)\ThirdEye v2\ml_service\dataset\queries\m-087-01-sz1.jpg,m-087-01-sz1.jpg,m-087,SKETCH,QUERY
c:\Users\Mallikarjun Gala\OneDrive\Desktop\Third-Eye\Project Code (forensic face sketch)\Project Code (forensic face sketch)\ThirdEye v2\ml_service\dataset\queries\m-088-01-sz1.jpg,m-088-01-sz1.jpg,m-088,SKETCH,QUERY
c:\Users\Mallikarjun Gala\OneDrive\Desktop\Third-Eye\Project Code (forensic face sketch)\Project Code (forensic face sketch)\ThirdEye v2\ml_service\dataset\queries\m-089-01-sz1.jpg,m-089-01-sz1.jpg,m-089,SKETCH,QUERY
c:\Users\Mallikarjun Gala\OneDrive\Desktop\Third-Eye\Project Code (forensic face sketch)\Project Code (forensic face sketch)\ThirdEye v2\ml_service\dataset\queries\m-090-01-sz1.jpg,m-090-01-sz1.jpg,m-090,SKETCH,QUERY
c:\Users\Mallikarjun Gala\OneDrive\Desktop\Third-Eye\Project Code (forensic face sketch)\Project Code (forensic face sketch)\ThirdEye v2\ml_service\dataset\queries\m-091-01-sz1.jpg,m-091-01-sz1.jpg,m-091,SKETCH,QUERY
c:\Users\Mallikarjun Gala\OneDrive\Desktop\Third-Eye\Project Code (forensic face sketch)\Project Code (forensic face sketch)\ThirdEye v2\ml_service\dataset\queries\m-092-01-sz1.jpg,m-092-01-sz1.jpg,m-092,SKETCH,QUERY
c:\Users\Mallikarjun Gala\OneDrive\Desktop\Third-Eye\Project Code (forensic face sketch)\Project Code (forensic face sketch)\ThirdEye v2\ml_service\dataset\queries\m-093-01-sz1.jpg,m-093-01-sz1.jpg,m-093,SKETCH,QUERY
c:\Users\Mallikarjun Gala\OneDrive\Desktop\Third-Eye\Project Code (forensic face sketch)\Project Code (forensic face sketch)\ThirdEye v2\ml_service\dataset\queries\m-094-01-sz1.jpg,m-094-01-sz1.jpg,m-094,SKETCH,QUERY
c:\Users\Mallikarjun Gala\OneDrive\Desktop\Third-Eye\Project Code (forensic face sketch)\Project Code (forensic face sketch)\ThirdEye v2\ml_service\dataset\queries\m-095-01-sz1.jpg,m-095-01-sz1.jpg,m-095,SKETCH,QUERY
c:\Users\Mallikarjun Gala\OneDrive\Desktop\Third-Eye\Project Code (forensic face sketch)\Project Code (forensic face sketch)\ThirdEye v2\ml_service\dataset\queries\m-096-01-sz1.jpg,m-096-01-sz1.jpg,m-096,SKETCH,QUERY
c:\Users\Mallikarjun Gala\OneDrive\Desktop\Third-Eye\Project Code (forensic face sketch)\Project Code (forensic face sketch)\ThirdEye v2\ml_service\dataset\queries\m-097-01-sz1.jpg,m-097-01-sz1.jpg,m-097,SKETCH,QUERY
c:\Users\Mallikarjun Gala\OneDrive\Desktop\Third-Eye\Project Code (forensic face sketch)\Project Code (forensic face sketch)\ThirdEye v2\ml_service\dataset\queries\m-098-01-sz1.jpg,m-098-01-sz1.jpg,m-098,SKETCH,QUERY
c:\Users\Mallikarjun Gala\OneDrive\Desktop\Third-Eye\Project Code (forensic face sketch)\Project Code (forensic face sketch)\ThirdEye v2\ml_service\dataset\queries\m-099-01-sz1.jpg,m-099-01-sz1.jpg,m-099,SKETCH,QUERY
c:\Users\Mallikarjun Gala\OneDrive\Desktop\Third-Eye\Project Code (forensic face sketch)\Project Code (forensic face sketch)\ThirdEye v2\ml_service\dataset\queries\m-100-01-sz1.jpg,m-100-01-sz1.jpg,m-100,SKETCH,QUERY
c:\Users\Mallikarjun Gala\OneDrive\Desktop\Third-Eye\Project Code (forensic face sketch)\Project Code (forensic face sketch)\ThirdEye v2\ml_service\dataset\queries\m-101-01-sz1.jpg,m-101-01-sz1.jpg,m-101,SKETCH,QUERY
c:\Users\Mallikarjun Gala\OneDrive\Desktop\Third-Eye\Project Code (forensic face sketch)\Project Code (forensic face sketch)\ThirdEye v2\ml_service\dataset\queries\m1-001-01-sz1.jpg,m1-001-01-sz1.jpg,m1-001,SKETCH,QUERY
c:\Users\Mallikarjun Gala\OneDrive\Desktop\Third-Eye\Project Code (forensic face sketch)\Project Code (forensic face sketch)\ThirdEye v2\ml_service\dataset\queries\m1-002-01-sz1.jpg,m1-002-01-sz1.jpg,m1-002,SKETCH,QUERY
c:\Users\Mallikarjun Gala\OneDrive\Desktop\Third-Eye\Project Code (forensic face sketch)\Project Code (forensic face sketch)\ThirdEye v2\ml_service\dataset\queries\m1-003-01-sz1.jpg,m1-003-01-sz1.jpg,m1-003,SKETCH,QUERY
c:\Users\Mallikarjun Gala\OneDrive\Desktop\Third-Eye\Project Code (forensic face sketch)\Project Code (forensic face sketch)\ThirdEye v2\ml_service\dataset\queries\m1-004-01-sz1.jpg,m1-004-01-sz1.jpg,m1-004,SKETCH,QUERY
c:\Users\Mallikarjun Gala\OneDrive\Desktop\Third-Eye\Project Code (forensic face sketch)\Project Code (forensic face sketch)\ThirdEye v2\ml_service\dataset\queries\m1-005-01-sz1.jpg,m1-005-01-sz1.jpg,m1-005,SKETCH,QUERY
c:\Users\Mallikarjun Gala\OneDrive\Desktop\Third-Eye\Project Code (forensic face sketch)\Project Code (forensic face sketch)\ThirdEye v2\ml_service\dataset\queries\m1-006-01-sz1.jpg,m1-006-01-sz1.jpg,m1-006,SKETCH,QUERY
c:\Users\Mallikarjun Gala\OneDrive\Desktop\Third-Eye\Project Code (forensic face sketch)\Project Code (forensic face sketch)\ThirdEye v2\ml_service\dataset\queries\m1-007-01-sz1.jpg,m1-007-01-sz1.jpg,m1-007,SKETCH,QUERY
c:\Users\Mallikarjun Gala\OneDrive\Desktop\Third-Eye\Project Code (forensic face sketch)\Project Code (forensic face sketch)\ThirdEye v2\ml_service\dataset\queries\m1-008-01-sz1.jpg,m1-008-01-sz1.jpg,m1-008,SKETCH,QUERY
c:\Users\Mallikarjun Gala\OneDrive\Desktop\Third-Eye\Project Code (forensic face sketch)\Project Code (forensic face sketch)\ThirdEye v2\ml_service\dataset\queries\m1-009-01-sz1.jpg,m1-009-01-sz1.jpg,m1-009,SKETCH,QUERY
c:\Users\Mallikarjun Gala\OneDrive\Desktop\Third-Eye\Project Code (forensic face sketch)\Project Code (forensic face sketch)\ThirdEye v2\ml_service\dataset\queries\m1-010-01-sz1.jpg,m1-010-01-sz1.jpg,m10,SKETCH,QUERY
c:\Users\Mallikarjun Gala\OneDrive\Desktop\Third-Eye\Project Code (forensic face sketch)\Project Code (forensic face sketch)\ThirdEye v2\ml_service\dataset\queries\m1-011-01-sz1.jpg,m1-011-01-sz1.jpg,m11,SKETCH,QUERY
c:\Users\Mallikarjun Gala\OneDrive\Desktop\Third-Eye\Project Code (forensic face sketch)\Project Code (forensic face sketch)\ThirdEye v2\ml_service\dataset\queries\m1-012-01-sz1.jpg,m1-012-01-sz1.jpg,m12,SKETCH,QUERY
c:\Users\Mallikarjun Gala\OneDrive\Desktop\Third-Eye\Project Code (forensic face sketch)\Project Code (forensic face sketch)\ThirdEye v2\ml_service\dataset\queries\m1-013-01-sz1.jpg,m1-013-01-sz1.jpg,m13,SKETCH,QUERY
c:\Users\Mallikarjun Gala\OneDrive\Desktop\Third-Eye\Project Code (forensic face sketch)\Project Code (forensic face sketch)\ThirdEye v2\ml_service\dataset\queries\m1-014-01-sz1.jpg,m1-014-01-sz1.jpg,m14,SKETCH,QUERY
c:\Users\Mallikarjun Gala\OneDrive\Desktop\Third-Eye\Project Code (forensic face sketch)\Project Code (forensic face sketch)\ThirdEye v2\ml_service\dataset\queries\m1-015-01-sz1.jpg,m1-015-01-sz1.jpg,m15,SKETCH,QUERY
c:\Users\Mallikarjun Gala\OneDrive\Desktop\Third-Eye\Project Code (forensic face sketch)\Project Code (forensic face sketch)\ThirdEye v2\ml_service\dataset\queries\m1-016-01-sz1.jpg,m1-016-01-sz1.jpg,m16,SKETCH,QUERY
c:\Users\Mallikarjun Gala\OneDrive\Desktop\Third-Eye\Project Code (forensic face sketch)\Project Code (forensic face sketch)\ThirdEye v2\ml_service\dataset\queries\m1-017-01-sz1.jpg,m1-017-01-sz1.jpg,m17,SKETCH,QUERY
c:\Users\Mallikarjun Gala\OneDrive\Desktop\Third-Eye\Project Code (forensic face sketch)\Project Code (forensic face sketch)\ThirdEye v2\ml_service\dataset\queries\m1-018-01-sz1.jpg,m1-018-01-sz1.jpg,m18,SKETCH,QUERY
c:\Users\Mallikarjun Gala\OneDrive\Desktop\Third-Eye\Project Code (forensic face sketch)\Project Code (forensic face sketch)\ThirdEye v2\ml_service\dataset\queries\m1-019-01-sz1.jpg,m1-019-01-sz1.jpg,m19,SKETCH,QUERY
c:\Users\Mallikarjun Gala\OneDrive\Desktop\Third-Eye\Project Code (forensic face sketch)\Project Code (forensic face sketch)\ThirdEye v2\ml_service\dataset\queries\m1-020-01-sz1.jpg,m1-020-01-sz1.jpg,m1-020,SKETCH,QUERY
c:\Users\Mallikarjun Gala\OneDrive\Desktop\Third-Eye\Project Code (forensic face sketch)\Project Code (forensic face sketch)\ThirdEye v2\ml_service\dataset\queries\m1-021-01-sz1.jpg,m1-021-01-sz1.jpg,m1-021,SKETCH,QUERY
c:\Users\Mallikarjun Gala\OneDrive\Desktop\Third-Eye\Project Code (forensic face sketch)\Project Code (forensic face sketch)\ThirdEye v2\ml_service\dataset\queries\m1-022-01-sz1.jpg,m1-022-01-sz1.jpg,m1-022,SKETCH,QUERY
c:\Users\Mallikarjun Gala\OneDrive\Desktop\Third-Eye\Project Code (forensic face sketch)\Project Code (forensic face sketch)\ThirdEye v2\ml_service\dataset\queries\m1-023-01-sz1.jpg,m1-023-01-sz1.jpg,m1-023,SKETCH,QUERY
c:\Users\Mallikarjun Gala\OneDrive\Desktop\Third-Eye\Project Code (forensic face sketch)\Project Code (forensic face sketch)\ThirdEye v2\ml_service\dataset\queries\m1-024-01-sz1.jpg,m1-024-01-sz1.jpg,m1-024,SKETCH,QUERY
c:\Users\Mallikarjun Gala\OneDrive\Desktop\Third-Eye\Project Code (forensic face sketch)\Project Code (forensic face sketch)\ThirdEye v2\ml_service\dataset\queries\m1-025-01-sz1.jpg,m1-025-01-sz1.jpg,m1-025,SKETCH,QUERY
c:\Users\Mallikarjun Gala\OneDrive\Desktop\Third-Eye\Project Code (forensic face sketch)\Project Code (forensic face sketch)\ThirdEye v2\ml_service\dataset\queries\m1-026-01-sz1.jpg,m1-026-01-sz1.jpg,m1-026,SKETCH,QUERY
c:\Users\Mallikarjun Gala\OneDrive\Desktop\Third-Eye\Project Code (forensic face sketch)\Project Code (forensic face sketch)\ThirdEye v2\ml_service\dataset\queries\m1-027-01-sz1.jpg,m1-027-01-sz1.jpg,m1-027,SKETCH,QUERY
c:\Users\Mallikarjun Gala\OneDrive\Desktop\Third-Eye\Project Code (forensic face sketch)\Project Code (forensic face sketch)\ThirdEye v2\ml_service\dataset\queries\m1-028-01-sz1.jpg,m1-028-01-sz1.jpg,m1-028,SKETCH,QUERY
c:\Users\Mallikarjun Gala\OneDrive\Desktop\Third-Eye\Project Code (forensic face sketch)\Project Code (forensic face sketch)\ThirdEye v2\ml_service\dataset\queries\m1-029-01-sz1.jpg,m1-029-01-sz1.jpg,m1-029,SKETCH,QUERY
c:\Users\Mallikarjun Gala\OneDrive\Desktop\Third-Eye\Project Code (forensic face sketch)\Project Code (forensic face sketch)\ThirdEye v2\ml_service\dataset\queries\m1-030-01-sz1.jpg,m1-030-01-sz1.jpg,m1-030,SKETCH,QUERY
c:\Users\Mallikarjun Gala\OneDrive\Desktop\Third-Eye\Project Code (forensic face sketch)\Project Code (forensic face sketch)\ThirdEye v2\ml_service\dataset\queries\m1-031-01-sz1.jpg,m1-031-01-sz1.jpg,m1-031,SKETCH,QUERY
c:\Users\Mallikarjun Gala\OneDrive\Desktop\Third-Eye\Project Code (forensic face sketch)\Project Code (forensic face sketch)\ThirdEye v2\ml_service\dataset\queries\m1-032-01-sz1.jpg,m1-032-01-sz1.jpg,m1-032,SKETCH,QUERY
c:\Users\Mallikarjun Gala\OneDrive\Desktop\Third-Eye\Project Code (forensic face sketch)\Project Code (forensic face sketch)\ThirdEye v2\ml_service\dataset\queries\m1-033-01-sz1.jpg,m1-033-01-sz1.jpg,m1-033,SKETCH,QUERY
c:\Users\Mallikarjun Gala\OneDrive\Desktop\Third-Eye\Project Code (forensic face sketch)\Project Code (forensic face sketch)\ThirdEye v2\ml_service\dataset\queries\m1-034-01-sz1.jpg,m1-034-01-sz1.jpg,m1-034,SKETCH,QUERY
c:\Users\Mallikarjun Gala\OneDrive\Desktop\Third-Eye\Project Code (forensic face sketch)\Project Code (forensic face sketch)\ThirdEye v2\ml_service\dataset\queries\m1-035-01-sz1.jpg,m1-035-01-sz1.jpg,m1-035,SKETCH,QUERY
c:\Users\Mallikarjun Gala\OneDrive\Desktop\Third-Eye\Project Code (forensic face sketch)\Project Code (forensic face sketch)\ThirdEye v2\ml_service\dataset\queries\m1-036-01-sz1.jpg,m1-036-01-sz1.jpg,m1-036,SKETCH,QUERY
c:\Users\Mallikarjun Gala\OneDrive\Desktop\Third-Eye\Project Code (forensic face sketch)\Project Code (forensic face sketch)\ThirdEye v2\ml_service\dataset\queries\m1-037-01-sz1.jpg,m1-037-01-sz1.jpg,m1-037,SKETCH,QUERY
c:\Users\Mallikarjun Gala\OneDrive\Desktop\Third-Eye\Project Code (forensic face sketch)\Project Code (forensic face sketch)\ThirdEye v2\ml_service\dataset\queries\m1-038-01-sz1.jpg,m1-038-01-sz1.jpg,m1-038,SKETCH,QUERY
c:\Users\Mallikarjun Gala\OneDrive\Desktop\Third-Eye\Project Code (forensic face sketch)\Project Code (forensic face sketch)\ThirdEye v2\ml_service\dataset\queries\m1-039-01-sz1.jpg,m1-039-01-sz1.jpg,m1-039,SKETCH,QUERY
c:\Users\Mallikarjun Gala\OneDrive\Desktop\Third-Eye\Project Code (forensic face sketch)\Project Code (forensic face sketch)\ThirdEye v2\ml_service\dataset\queries\m1-040-01-sz1.jpg,m1-040-01-sz1.jpg,m1-040,SKETCH,QUERY
c:\Users\Mallikarjun Gala\OneDrive\Desktop\Third-Eye\Project Code (forensic face sketch)\Project Code (forensic face sketch)\ThirdEye v2\ml_service\dataset\queries\m1-041-01-sz1.jpg,m1-041-01-sz1.jpg,m1-041,SKETCH,QUERY
