query_filename,ground_truth_pid,rank,top1_matched_pid,top1_matched_filename,top1_score,status
F2-005-01-sz1.jpg,F2-005,NOT_FOUND,f-034,f-034-01.jpg,0.5966,FAILED
F2-006-01-sz1.jpg,F2-006,NOT_FOUND,f3,f-013-01.jpg,0.5912,FAILED
F2-007-01-sz1.jpg,F2-007,NOT_FOUND,f8,f-018-01.jpg,0.6326,FAILED
F2-008-01-sz1.jpg,F2-008,NOT_FOUND,f-008,f-008-01.jpg,0.599,FAILED
F2-009-01-sz1.jpg,F2-009,NOT_FOUND,f-009,f-009-01.jpg,0.5028,FAILED
F2-010-01-sz1.jpg,F20,NOT_FOUND,f-020,f-020-01.jpg,0.6878,FAILED
F2-011-01-sz1.jpg,F21,NOT_FOUND,f-037,f-037-01.jpg,0.6349,FAILED
F2-012-01-sz1.jpg,F22,NOT_FOUND,f2,f-012-01.jpg,0.5459,FAILED
F2-013-01-sz1.jpg,F23,NOT_FOUND,f9,f-019-01.jpg,0.59,FAILED
F2-014-01-sz1.jpg,F24,NOT_FOUND,f9,f-019-01.jpg,0.7098,FAILED
F2-015-01-sz1.jpg,F25,NOT_FOUND,f5,f-015-01.jpg,0.736,FAILED
F2-016-01-sz1.jpg,F26,NOT_FOUND,f9,f-019-01.jpg,0.6455,FAILED
F2-017-01-sz1.jpg,F27,NOT_FOUND,f1-008,f1-008-01.jpg,0.5561,FAILED
F2-018-01-sz1.jpg,F28,NOT_FOUND,f8,f-018-01.jpg,0.6735,FAILED
F2-019-01-sz1.jpg,F29,NOT_FOUND,f9,f-019-01.jpg,0.7326,FAILED
F2-020-01-sz1.jpg,F2-020,NOT_FOUND,f-020,f-020-01.jpg,0.6814,FAILED
F2-021-01-sz1.jpg,F2-021,NOT_FOUND,f-036,f-036-01.jpg,0.609,FAILED
F2-022-01-sz1.jpg,F2-022,NOT_FOUND,f-022,f-022-01.jpg,0.5875,FAILED
F2-023-01-sz1.jpg,F2-023,NOT_FOUND,f3,f-013-01.jpg,0.6477,FAILED
F2-024-01-sz1.jpg,F2-024,NOT_FOUND,f-024,f-024-01.jpg,0.5203,FAILED
F2-025-01-sz1.jpg,F2-025,NOT_FOUND,f13,f1-013-01.jpg,0.5368,FAILED
F2-026-01-sz1.jpg,F2-026,NOT_FOUND,f-026,f-026-01.jpg,0.6651,FAILED
F2-027-01-sz1.jpg,F2-027,NOT_FOUND,f1-008,f1-008-01.jpg,0.4394,FAILED
F2-028-01-sz1.jpg,F2-028,NOT_FOUND,f3,f-013-01.jpg,0.6462,FAILED
F2-029-01-sz1.jpg,F2-029,NOT_FOUND,f-029,f-029-01.jpg,0.6272,FAILED
F2-030-01-sz1.jpg,F2-030,NOT_FOUND,f-030,f-030-01.jpg,0.6156,FAILED
F2-031-01-sz1.jpg,F2-031,NOT_FOUND,m-066,m-066-01.jpg,0.6964,FAILED
F2-032-01-sz1.jpg,F2-032,NOT_FOUND,f-035,f-035-01.jpg,0.6408,FAILED
F2-033-01-sz1.jpg,F2-033,NOT_FOUND,f-020,f-020-01.jpg,0.4938,FAILED
F2-034-01-sz1.jpg,F2-034,NOT_FOUND,f-034,f-034-01.jpg,0.5221,FAILED
F2-035-01-sz1.jpg,F2-035,NOT_FOUND,m-087,m-087-01.jpg,0.5911,FAILED
F2-036-01-sz1.jpg,F2-036,NOT_FOUND,f5,f-015-01.jpg,0.5901,FAILED
F2-037-01-sz1.jpg,F2-037,NOT_FOUND,f-036,f-036-01.jpg,0.6745,FAILED
F2-038-01-sz1.jpg,F2-038,NOT_FOUND,f13,f1-013-01.jpg,0.5083,FAILED
M2-008-01-sz1.jpg,M2-008,NOT_FOUND,m-064,m-064-01.jpg,0.3604,FAILED
M2-009-01-sz1.jpg,M2-009,NOT_FOUND,m-029,m-029-01.jpg,0.4954,FAILED
M2-010-01-sz1.jpg,M20,NOT_FOUND,m0,m-010-01.jpg,0.6208,FAILED
M2-011-01-sz1.jpg,M21,NOT_FOUND,m8,m-018-01.jpg,0.5768,FAILED
M2-012-01-sz1.jpg,M22,NOT_FOUND,m-027,m-027-01.jpg,0.6054,FAILED
M2-013-01-sz1.jpg,M23,NOT_FOUND,m-021,m-021-01.jpg,0.5658,FAILED
M2-014-01-sz1.jpg,M24,NOT_FOUND,m8,m-018-01.jpg,0.5325,FAILED
M2-015-01-sz1.jpg,M25,NOT_FOUND,m-062,m-062-01.jpg,0.5633,FAILED
M2-016-01-sz1.jpg,M26,NOT_FOUND,m6,m-016-01.jpg,0.609,FAILED
M2-017-01-sz1.jpg,M27,NOT_FOUND,m7,m-017-01.jpg,0.6676,FAILED
M2-018-01-sz1.jpg,M28,NOT_FOUND,f9,f-019-01.jpg,0.5735,FAILED
M2-019-01-sz1.jpg,M29,NOT_FOUND,m-030,m-030-01.jpg,0.5041,FAILED
M2-021-01-sz1.jpg,M2-021,NOT_FOUND,m-021,m-021-01.jpg,0.6849,FAILED
M2-022-01-sz1.jpg,M2-022,NOT_FOUND,f3,f-013-01.jpg,0.5804,FAILED
M2-023-01-sz1.jpg,M2-023,NOT_FOUND,m-033,m-033-01.jpg,0.5182,FAILED
M2-024-01-sz1.jpg,M2-024,NOT_FOUND,m-024,m-024-01.jpg,0.4821,FAILED
M2-025-01-sz1.jpg,M2-025,NOT_FOUND,m-025,m-025-01.jpg,0.6939,FAILED
M2-026-01-sz1.jpg,M2-026,NOT_FOUND,m-021,m-021-01.jpg,0.6238,FAILED
M2-027-01-sz1.jpg,M2-027,NOT_FOUND,m-027,m-027-01.jpg,0.6094,FAILED
M2-028-01-sz1.jpg,M2-028,NOT_FOUND,m-028,m-028-01.jpg,0.6504,FAILED
M2-029-01-sz1.jpg,M2-029,NOT_FOUND,m-029,m-029-01.jpg,0.7129,FAILED
M2-030-01-sz1.jpg,M2-030,NOT_FOUND,m-030,m-030-01.jpg,0.5933,FAILED
M2-031-01-sz1.jpg,M2-031,NOT_FOUND,m-064,m-064-01.jpg,0.6321,FAILED
M2-032-01-sz1.jpg,M2-032,NOT_FOUND,f-020,f-020-01.jpg,0.4902,FAILED
M2-033-01-sz1.jpg,M2-033,NOT_FOUND,m-021,m-021-01.jpg,0.5124,FAILED
M2-034-01-sz1.jpg,M2-034,NOT_FOUND,m-085,m-085-01.jpg,0.571,FAILED
M2-035-01-sz1.jpg,M2-035,NOT_FOUND,m-035,m-035-01.jpg,0.6302,FAILED
M2-036-01-sz1.jpg,M2-036,NOT_FOUND,m-036,m-036-01.jpg,0.5953,FAILED
M2-037-01-sz1.jpg,M2-037,NOT_FOUND,m-087,m-087-01.jpg,0.4573,FAILED
M2-038-01-sz1.jpg,M2-038,NOT_FOUND,f-035,f-035-01.jpg,0.6441,FAILED
M2-039-01-sz1.jpg,M2-039,NOT_FOUND,m8,m-018-01.jpg,0.6731,FAILED
M2-040-01-sz1.jpg,M2-040,NOT_FOUND,m-040,m-040-01.jpg,0.5811,FAILED
M2-041-01-sz1.jpg,M2-041,NOT_FOUND,m-087,m-087-01.jpg,0.6373,FAILED
M2-042-01-sz1.jpg,M2-042,NOT_FOUND,m-058,m-058-01.jpg,0.4895,FAILED
M2-043-01-sz1.jpg,M2-043,NOT_FOUND,m1-005,m1-005-01.jpg,0.4953,FAILED
M2-044-01-sz1.jpg,M2-044,NOT_FOUND,m1-033,m1-033-01.jpg,0.6228,FAILED
M2-045-01-sz1.jpg,M2-045,NOT_FOUND,m-097,m-097-01.jpg,0.6327,FAILED
M2-046-01-sz1.jpg,M2-046,NOT_FOUND,m-046,m-046-01.jpg,0.5132,FAILED
M2-047-01-sz1.jpg,M2-047,NOT_FOUND,m-029,m-029-01.jpg,0.508,FAILED
M2-048-01-sz1.jpg,M2-048,NOT_FOUND,m-048,m-048-01.jpg,0.6096,FAILED
M2-049-01-sz1.jpg,M2-049,NOT_FOUND,m1-040,m1-040-01.jpg,0.5466,FAILED
M2-050-01-sz1.jpg,M2-050,NOT_FOUND,m1-026,m1-026-01.jpg,0.641,FAILED
M2-051-01-sz1.jpg,M2-051,NOT_FOUND,m-051,m-051-01.jpg,0.7209,FAILED
M2-052-01-sz1.jpg,M2-052,NOT_FOUND,m-062,m-062-01.jpg,0.6112,FAILED
M2-053-01-sz1.jpg,M2-053,NOT_FOUND,m-053,m-053-01.jpg,0.61,FAILED
M2-054-01-sz1.jpg,M2-054,NOT_FOUND,m-021,m-021-01.jpg,0.5755,FAILED
M2-055-01-sz1.jpg,M2-055,NOT_FOUND,m-033,m-033-01.jpg,0.4249,FAILED
M2-056-01-sz1.jpg,M2-056,NOT_FOUND,m-027,m-027-01.jpg,0.5287,FAILED
M2-057-01-sz1.jpg,M2-057,NOT_FOUND,m-064,m-064-01.jpg,0.3625,FAILED
M2-058-01-sz1.jpg,M2-058,NOT_FOUND,m-021,m-021-01.jpg,0.5463,FAILED
M2-059-01-sz1.jpg,M2-059,NOT_FOUND,m-059,m-059-01.jpg,0.607,FAILED
M2-060-01-sz1.jpg,M2-060,NOT_FOUND,m-060,m-060-01.jpg,0.7667,FAILED
M2-061-01-sz1.jpg,M2-061,NOT_FOUND,m-049,m-049-01.jpg,0.5793,FAILED
M2-062-01-sz1.jpg,M2-062,NOT_FOUND,m-062,m-062-01.jpg,0.5469,FAILED
a-sharukh-1.jpg,a-sharukh,1,a-sharukh,a-sharukh.jpg,0.647,CORRECT
a-sharukh-2.jpg,a-sharukh,1,a-sharukh,a-sharukh.jpg,0.6519,CORRECT
f-039-01-sz1.jpg,f-039,18,f-021,f-021-01.jpg,0.6092,FAILED
f-040-01-sz1.jpg,f-040,1,f-040,f-040-01.jpg,0.5363,CORRECT
f-041-01-sz1.jpg,f-041,1,f-041,f-041-01.jpg,0.7473,CORRECT
f-042-01-sz1.jpg,f-042,1,f-042,f-042-01.jpg,0.7428,CORRECT
f-043-01-sz1.jpg,f-043,1,f-043,f-043-01.jpg,0.5761,CORRECT
f1-001-01-sz1.jpg,f1-001,4,f-036,f-036-01.jpg,0.6792,FAILED
f1-002-01-sz1.jpg,f1-002,2,f-036,f-036-01.jpg,0.5239,FAILED
f1-003-01-sz1.jpg,f1-003,1,f1-003,f1-003-01.jpg,0.8498,CORRECT
f1-004-01-sz1.jpg,f1-004,1,f1-004,f1-004-01.jpg,0.5203,CORRECT
f1-005-01-sz1.jpg,f1-005,1,f1-005,f1-005-01.jpg,0.5573,CORRECT
f1-006-01-sz1.jpg,f1-006,4,f8,f-018-01.jpg,0.5668,FAILED
f1-007-01-sz1.jpg,f1-007,1,f1-007,f1-007-01.jpg,0.5654,CORRECT
f1-008-01-sz1.jpg,f1-008,1,f1-008,f1-008-01.jpg,0.6941,CORRECT
f1-009-01-sz1.jpg,f1-009,1,f1-009,f1-009-01.jpg,0.5199,CORRECT
f1-010-01-sz1.jpg,f10,1,f10,f1-010-01.jpg,0.6765,CORRECT
f1-011-01-sz1.jpg,f11,1,f11,f1-011-01.jpg,0.6336,CORRECT
f1-012-01-sz1.jpg,f12,1,f12,f1-012-01.jpg,0.6185,CORRECT
f1-013-01-sz1.jpg,f13,1,f13,f1-013-01.jpg,0.6678,CORRECT
f1-014-01-sz1.jpg,f14,1,f14,f1-014-01.jpg,0.5834,CORRECT
f1-015-01-sz1.jpg,f15,33,f1-003,f1-003-01.jpg,0.5657,FAILED
m-063-01-sz1.jpg,m-063,14,m-040,m-040-01.jpg,0.6063,FAILED
m-064-01-sz1.jpg,m-064,1,m-064,m-064-01.jpg,0.4803,CORRECT
m-065-01-sz1.jpg,m-065,1,m-065,m-065-01.jpg,0.6556,CORRECT
m-066-01-sz1.jpg,m-066,1,m-066,m-066-01.jpg,0.6499,CORRECT
m-067-01-sz1.jpg,m-067,1,m-067,m-067-01.jpg,0.5461,CORRECT
m-068-01-sz1.jpg,m-068,1,m-068,m-068-01.jpg,0.7307,CORRECT
m-069-01-sz1.jpg,m-069,35,m-062,m-062-01.jpg,0.5897,FAILED
m-070-01-sz1.jpg,m-070,1,m-070,m-070-01.jpg,0.7241,CORRECT
m-071-01-sz1.jpg,m-071,2,m-060,m-060-01.jpg,0.5564,FAILED
m-072-01-sz1.jpg,m-072,1,m-072,m-072-01.jpg,0.5066,CORRECT
m-073-01-sz1.jpg,m-073,2,m-055,m-055-01.jpg,0.612,FAILED
m-074-01-sz1.jpg,m-074,86,f13,f1-013-01.jpg,0.5168,FAILED
m-075-01-sz1.jpg,m-075,1,m-075,m-075-01.jpg,0.6156,CORRECT
m-076-01-sz1.jpg,m-076,1,m-076,m-076-01.jpg,0.5969,CORRECT
m-077-01-sz1.jpg,m-077,1,m-077,m-077-01.jpg,0.7486,CORRECT
m-078-01-sz1.jpg,m-078,10,f-035,f-035-01.jpg,0.6611,FAILED
m-079-01-sz1.jpg,m-079,3,m-052,m-052-01.jpg,0.622,FAILED
m-080-01-sz1.jpg,m-080,1,m-080,m-080-01.jpg,0.7445,CORRECT
m-081-01-sz1.jpg,m-081,6,m-070,m-070-01.jpg,0.444,FAILED
m-082-01-sz1.jpg,m-082,1,m-082,m-082-01.jpg,0.6616,CORRECT
m-083-01-sz1.jpg,m-083,17,m7,m-017-01.jpg,0.5924,FAILED
m-084-01-sz1.jpg,m-084,2,m-036,m-036-01.jpg,0.4217,FAILED
m-085-01-sz1.jpg,m-085,1,m-085,m-085-01.jpg,0.6576,CORRECT
m-086-01-sz1.jpg,m-086,1,m-086,m-086-01.jpg,0.6437,CORRECT
m-087-01-sz1.jpg,m-087,1,m-087,m-087-01.jpg,0.7202,CORRECT
m-088-01-sz1.jpg,m-088,26,m-053,m-053-01.jpg,0.541,FAILED
m-089-01-sz1.jpg,m-089,1,m-089,m-089-01.jpg,0.6084,CORRECT
m-090-01-sz1.jpg,m-090,40,m-021,m-021-01.jpg,0.5742,FAILED
m-091-01-sz1.jpg,m-091,1,m-091,m-091-01.jpg,0.689,CORRECT
m-092-01-sz1.jpg,m-092,8,f-035,f-035-01.jpg,0.5271,FAILED
m-093-01-sz1.jpg,m-093,32,f-035,f-035-01.jpg,0.6588,FAILED
m-094-01-sz1.jpg,m-094,9,m-087,m-087-01.jpg,0.6126,FAILED
m-095-01-sz1.jpg,m-095,10,m-027,m-027-01.jpg,0.5513,FAILED
m-096-01-sz1.jpg,m-096,22,f13,f1-013-01.jpg,0.602,FAILED
m-097-01-sz1.jpg,m-097,1,m-097,m-097-01.jpg,0.686,CORRECT
m-098-01-sz1.jpg,m-098,19,m-060,m-060-01.jpg,0.4265,FAILED
m-099-01-sz1.jpg,m-099,37,f-036,f-036-01.jpg,0.6023,FAILED
m-100-01-sz1.jpg,m-100,9,m-059,m-059-01.jpg,0.6251,FAILED
m-101-01-sz1.jpg,m-101,7,m-039,m-039-01.jpg,0.6353,FAILED
m1-001-01-sz1.jpg,m1-001,3,f8,f-018-01.jpg,0.4335,FAILED
m1-002-01-sz1.jpg,m1-002,7,m-075,m-075-01.jpg,0.5,FAILED
m1-003-01-sz1.jpg,m1-003,1,m1-003,m1-003-01.jpg,0.658,CORRECT
m1-004-01-sz1.jpg,m1-004,2,m1-008,m1-008-01.jpg,0.5245,FAILED
m1-005-01-sz1.jpg,m1-005,1,m1-005,m1-005-01.jpg,0.6193,CORRECT
m1-006-01-sz1.jpg,m1-006,9,m-070,m-070-01.jpg,0.499,FAILED
m1-007-01-sz1.jpg,m1-007,1,m1-007,m1-007-01.jpg,0.6574,CORRECT
m1-008-01-sz1.jpg,m1-008,1,m1-008,m1-008-01.jpg,0.7481,CORRECT
m1-009-01-sz1.jpg,m1-009,5,f-035,f-035-01.jpg,0.564,FAILED
m1-010-01-sz1.jpg,m10,1,m10,m1-010-01.jpg,0.7482,CORRECT
m1-011-01-sz1.jpg,m11,31,m-064,m-064-01.jpg,0.5594,FAILED
m1-012-01-sz1.jpg,m12,3,m-029,m-029-01.jpg,0.5673,FAILED
m1-013-01-sz1.jpg,m13,6,m1-008,m1-008-01.jpg,0.5238,FAILED
m1-014-01-sz1.jpg,m14,4,m-066,m-066-01.jpg,0.5521,FAILED
m1-015-01-sz1.jpg,m15,2,m2,m-012-01.jpg,0.5269,FAILED
m1-016-01-sz1.jpg,m16,2,m1-008,m1-008-01.jpg,0.7156,FAILED
m1-017-01-sz1.jpg,m17,16,f-035,f-035-01.jpg,0.5116,FAILED
m1-018-01-sz1.jpg,m18,4,m1-008,m1-008-01.jpg,0.7277,FAILED
m1-019-01-sz1.jpg,m19,8,m-025,m-025-01.jpg,0.5635,FAILED
m1-020-01-sz1.jpg,m1-020,19,f5,f-015-01.jpg,0.6186,FAILED
m1-021-01-sz1.jpg,m1-021,1,m1-021,m1-021-01.jpg,0.5783,CORRECT
m1-022-01-sz1.jpg,m1-022,53,m-077,m-077-01.jpg,0.4753,FAILED
m1-023-01-sz1.jpg,m1-023,5,m1-039,m1-039-01.jpg,0.535,FAILED
m1-024-01-sz1.jpg,m1-024,1,m1-024,m1-024-01.jpg,0.5704,CORRECT
m1-025-01-sz1.jpg,m1-025,10,m-077,m-077-01.jpg,0.6164,FAILED
m1-026-01-sz1.jpg,m1-026,53,m-033,m-033-01.jpg,0.4598,FAILED
m1-027-01-sz1.jpg,m1-027,1,m1-027,m1-027-01.jpg,0.7335,CORRECT
m1-028-01-sz1.jpg,m1-028,3,m19,m1-019-01.jpg,0.6076,FAILED
m1-029-01-sz1.jpg,m1-029,1,m1-029,m1-029-01.jpg,0.6747,CORRECT
m1-030-01-sz1.jpg,m1-030,2,f1-001,f1-001-01.jpg,0.69,FAILED
m1-031-01-sz1.jpg,m1-031,9,m-080,m-080-01.jpg,0.6554,FAILED
m1-032-01-sz1.jpg,m1-032,3,m-087,m-087-01.jpg,0.5532,FAILED
m1-033-01-sz1.jpg,m1-033,2,m-049,m-049-01.jpg,0.511,FAILED
m1-034-01-sz1.jpg,m1-034,1,m1-034,m1-034-01.jpg,0.6556,CORRECT
m1-035-01-sz1.jpg,m1-035,6,m-060,m-060-01.jpg,0.596,FAILED
m1-036-01-sz1.jpg,m1-036,2,m-040,m-040-01.jpg,0.6074,FAILED
m1-037-01-sz1.jpg,m1-037,93,f9,f-019-01.jpg,0.5311,FAILED
m1-038-01-sz1.jpg,m1-038,1,m1-038,m1-038-01.jpg,0.6708,CORRECT
m1-039-01-sz1.jpg,m1-039,1,m1-039,m1-039-01.jpg,0.6441,CORRECT
m1-040-01-sz1.jpg,m1-040,2,m-021,m-021-01.jpg,0.6645,FAILED
m1-041-01-sz1.jpg,m1-041,3,m-077,m-077-01.jpg,0.518,FAILED
